500,anxpp/JavaDesignPattern,227,6.9,0,https://github.com/anxpp/JavaDesignPattern
501,kungfoo/geohash-java,937,14.21,0,https://github.com/kungfoo/geohash-java
502,cod3rcursos/curso-java,935,3.56,0,https://github.com/cod3rcursos/curso-java
503,OfficeDev/ews-java-api,842,8.55,0,https://github.com/OfficeDev/ews-java-api
504,vipshop/vjtools,7438,4.8,9,https://github.com/vipshop/vjtools
505,google/conscrypt,1122,6.25,0,https://github.com/google/conscrypt
506,yahoo/serialize-javascript,2662,8.5,22,https://github.com/yahoo/serialize-javascript
507,googleapis/google-http-java-client,1312,8.18,46,https://github.com/googleapis/google-http-java-client
508,fuzhengwei/itstack-demo-design,5465,2.82,0,https://github.com/fuzhengwei/itstack-demo-design
509,peterarsentev/games_oop_javafx,130,4.89,0,https://github.com/peterarsentev/games_oop_javafx
510,peter-lawrey/Java-Chronicle,1222,11.18,0,https://github.com/peter-lawrey/Java-Chronicle
511,Viscent/javamtia,437,5.94,0,https://github.com/Viscent/javamtia
512,javastacks/javastack,643,4.18,0,https://github.com/javastacks/javastack
513,liyuechun/JavaScript30-liyuechun,312,5.66,0,https://github.com/liyuechun/JavaScript30-liyuechun
514,MorphiaOrg/morphia,1588,9.89,59,https://github.com/MorphiaOrg/morphia
515,codesONLY/JavaScriptONLY,366,2.23,0,https://github.com/codesONLY/JavaScriptONLY
516,lvminghui/Java-Notes,955,3.1,0,https://github.com/lvminghui/Java-Notes
517,wangzheng0822/ratelimiter4j,898,4.69,0,https://github.com/wangzheng0822/ratelimiter4j
518,jammy928/CoinExchange_CryptoExchange_Java,872,2.97,0,https://github.com/jammy928/CoinExchange_CryptoExchange_Java
519,TALKDATA/JavaBigData,424,4.15,0,https://github.com/TALKDATA/JavaBigData
520,sendgrid/sendgrid-java,450,9.56,58,https://github.com/sendgrid/sendgrid-java
521,stripe/stripe-java,650,11.6,598,https://github.com/stripe/stripe-java
522,eclipse/paho.mqtt.javascript,1059,7.24,1,https://github.com/eclipse/paho.mqtt.javascript
523,jfaster/mango,915,9.31,0,https://github.com/jfaster/mango
524,ulid/javascript,2240,6.75,7,https://github.com/ulid/javascript
525,twilio/twilio-java,418,13.5,203,https://github.com/twilio/twilio-java
526,AsyncHttpClient/async-http-client,6076,12.02,0,https://github.com/AsyncHttpClient/async-http-client
527,yrojha4ever/JavaStud,269,7.53,0,https://github.com/yrojha4ever/JavaStud
528,artur-shaik/vim-javacomplete2,987,7.82,10,https://github.com/artur-shaik/vim-javacomplete2
529,lxj/javascript.patterns,335,11.48,0,https://github.com/lxj/javascript.patterns
530,cn-panda/JavaCodeAudit,682,3.3,0,https://github.com/cn-panda/JavaCodeAudit
531,vladmihalcea/high-performance-java-persistence,1113,7.42,0,https://github.com/vladmihalcea/high-performance-java-persistence
532,actions/javascript-action,731,3.51,2,https://github.com/actions/javascript-action
533,apache/skywalking-java,486,1.55,7,https://github.com/apache/skywalking-java
534,wsieroci/audio-recognizer,655,10.81,0,https://github.com/wsieroci/audio-recognizer
535,pengrad/java-telegram-bot-api,1372,7.61,57,https://github.com/pengrad/java-telegram-bot-api
536,lenve/javadoc,684,2.31,0,https://github.com/lenve/javadoc
537,dunwu/java-tutorial,1469,5.29,0,https://github.com/dunwu/java-tutorial
538,sensorsdata/sa-sdk-javascript,765,7.36,207,https://github.com/sensorsdata/sa-sdk-javascript
539,yinchuandong/JavaVerify,206,8.48,0,https://github.com/yinchuandong/JavaVerify
540,amplitude/Amplitude-JavaScript,295,10.17,123,https://github.com/amplitude/Amplitude-JavaScript
541,superhj1987/pragmatic-java-engineer,1255,5.61,0,https://github.com/superhj1987/pragmatic-java-engineer
542,SummerSec/JavaLearnVulnerability,734,2.9,1,https://github.com/SummerSec/JavaLearnVulnerability
543,RoaringBitmap/RoaringBitmap,3003,9.74,9,https://github.com/RoaringBitmap/RoaringBitmap
544,MartinChavez/Javascript,900,7.91,1,https://github.com/MartinChavez/Javascript
545,google/auto,10045,9.81,57,https://github.com/google/auto
546,hierynomus/sshj,2258,13.05,0,https://github.com/hierynomus/sshj
547,Basir-PD/100-Projects-HTML-CSS-JavaScript,205,2.27,0,https://github.com/Basir-PD/100-Projects-HTML-CSS-JavaScript
548,naveenanimation20/PageObjectModel,435,5.47,0,https://github.com/naveenanimation20/PageObjectModel
549,JabRef/jabref,2927,9.01,37,https://github.com/JabRef/jabref
550,zarocknz/javascript-winwheel,474,7.03,7,https://github.com/zarocknz/javascript-winwheel
551,chihungyu1116/leetcode-javascript,836,7.66,0,https://github.com/chihungyu1116/leetcode-javascript
552,apache/datasketches-java,807,7.71,48,https://github.com/apache/datasketches-java
553,waylau/distributed-java,348,7.17,0,https://github.com/waylau/distributed-java
554,signalapp/libsignal-protocol-javascript,1974,6.77,1,https://github.com/signalapp/libsignal-protocol-javascript
555,ta4j/ta4j,1720,5.5,2,https://github.com/ta4j/ta4j
556,Javacord/Javacord,653,7.21,19,https://github.com/Javacord/Javacord
557,jjenkov/java-nio-server,889,7.41,0,https://github.com/jjenkov/java-nio-server
558,jenkinsci/java-client-api,872,10.32,0,https://github.com/jenkinsci/java-client-api
559,oneinstack/oneinstack,2198,7.75,6,https://github.com/oneinstack/oneinstack
560,JetBrains/skija,2553,2.94,0,https://github.com/JetBrains/skija
561,tylermcginnis/Modern-JavaScript-Curriculum,107,7.04,0,https://github.com/tylermcginnis/Modern-JavaScript-Curriculum
562,sohamkamani/javascript-design-patterns-for-humans,3411,6.06,0,https://github.com/sohamkamani/javascript-design-patterns-for-humans
563,bradtraversy/javascript_cardio,490,5.08,0,https://github.com/bradtraversy/javascript_cardio
564,agoncal/agoncal-application-petstore-ee7,192,9.83,0,https://github.com/agoncal/agoncal-application-petstore-ee7
565,ElzeroWebSchool/JavaScript_Bootcamp,521,2.03,0,https://github.com/ElzeroWebSchool/JavaScript_Bootcamp
566,typetools/checker-framework,897,7.7,98,https://github.com/typetools/checker-framework
567,ults-io/vscode-react-javascript-snippets,1313,5.77,0,https://github.com/ults-io/vscode-react-javascript-snippets
568,caveofprogramming/java-beginners,499,6.73,0,https://github.com/caveofprogramming/java-beginners
569,lenve/CoolMeeting,728,5.56,0,https://github.com/lenve/CoolMeeting
570,firebase/firebase-admin-java,454,6.0,17,https://github.com/firebase/firebase-admin-java
571,priya42bagde/JavaScriptCodingInterviewQuestions,311,1.71,0,https://github.com/priya42bagde/JavaScriptCodingInterviewQuestions
572,anshooarora/extentreports-java,525,8.1,0,https://github.com/anshooarora/extentreports-java
573,FasterXML/jackson-modules-java8,381,6.36,0,https://github.com/FasterXML/jackson-modules-java8
574,mafudge/LearnJava,373,9.64,0,https://github.com/mafudge/LearnJava
575,WebDevSimplified/JavaScript-Quiz-App,148,3.77,0,https://github.com/WebDevSimplified/JavaScript-Quiz-App
576,web3j/web3j,4540,6.53,101,https://github.com/web3j/web3j
577,andersontr15/clean-code-javascript-es,1445,6.08,0,https://github.com/andersontr15/clean-code-javascript-es
578,NLPchina/Word2VEC_java,669,9.42,0,https://github.com/NLPchina/Word2VEC_java
579,firebase/geofire-java,670,8.67,13,https://github.com/firebase/geofire-java
580,coderzcr/JavaWeb-Project-Source-Share,724,2.97,0,https://github.com/coderzcr/JavaWeb-Project-Source-Share
581,OpenHFT/Java-Thread-Affinity,1596,9.48,25,https://github.com/OpenHFT/Java-Thread-Affinity
582,HariAcidReign/JavaScript-A-Z-Notes,359,2.18,1,https://github.com/HariAcidReign/JavaScript-A-Z-Notes
583,leonidlebedev/javascript-airbnb,842,6.25,0,https://github.com/leonidlebedev/javascript-airbnb
584,HugoMatilla/Effective-JAVA-Summary,1249,7.3,0,https://github.com/HugoMatilla/Effective-JAVA-Summary
585,mjavascript/practical-modern-javascript,3069,6.54,0,https://github.com/mjavascript/practical-modern-javascript
586,binarywang/weixin-java-pay-demo,789,6.03,0,https://github.com/binarywang/weixin-java-pay-demo
587,superblaubeere27/obfuscator,689,4.85,15,https://github.com/superblaubeere27/obfuscator
588,TongOS/JavaBookClub,431,3.56,0,https://github.com/TongOS/JavaBookClub
589,joaomatosf/JavaDeserH2HC,452,5.51,0,https://github.com/joaomatosf/JavaDeserH2HC
590,Gottox/socket.io-java-client,945,11.23,0,https://github.com/Gottox/socket.io-java-client
591,4thline/cling,1585,11.5,5,https://github.com/4thline/cling
592,TIBCOSoftware/jasperreports,756,6.52,26,https://github.com/TIBCOSoftware/jasperreports
593,biblelamp/JavaExercises,133,6.71,0,https://github.com/biblelamp/JavaExercises
594,mjavascript/mastering-modular-javascript,4004,6.1,0,https://github.com/mjavascript/mastering-modular-javascript
595,czwbig/Tmall_JavaEE,269,4.34,0,https://github.com/czwbig/Tmall_JavaEE
596,GoogleCloudPlatform/getting-started-java,473,7.34,0,https://github.com/GoogleCloudPlatform/getting-started-java
597,mikemelon/java-exam,590,6.34,0,https://github.com/mikemelon/java-exam
598,joaopsilva/binance-java-api,191,5.4,0,https://github.com/joaopsilva/binance-java-api
599,CodeExplainedRepo/FlappyBird-JavaScript,113,4.61,0,https://github.com/CodeExplainedRepo/FlappyBird-JavaScript
600,wmixvideo/nfe,590,9.62,76,https://github.com/wmixvideo/nfe
601,wmixvideo/nfe,590,9.62,76,https://github.com/wmixvideo/nfe
602,PebbleTemplates/pebble,1008,10.21,60,https://github.com/PebbleTemplates/pebble
603,gwhalin/Memcached-Java-Client,666,13.78,0,https://github.com/gwhalin/Memcached-Java-Client
604,kivy/pyjnius,1283,10.58,12,https://github.com/kivy/pyjnius
605,igniterealtime/Smack,2322,9.11,0,https://github.com/igniterealtime/Smack
606,paypal/PayPal-Java-SDK,512,10.03,21,https://github.com/paypal/PayPal-Java-SDK
607,bethrobson/Head-First-Java,489,7.66,0,https://github.com/bethrobson/Head-First-Java
608,stateless4j/stateless4j,789,8.95,0,https://github.com/stateless4j/stateless4j
609,jpush/jpush-api-java-client,708,9.42,54,https://github.com/jpush/jpush-api-java-client
610,albertlatacz/java-repl,1344,9.99,74,https://github.com/albertlatacz/java-repl
611,progranism/Bitcoin-JavaScript-Miner,196,11.94,0,https://github.com/progranism/Bitcoin-JavaScript-Miner
612,ThiagoDellaNoce/javascript4noobs,842,2.97,0,https://github.com/ThiagoDellaNoce/javascript4noobs
613,marhan/effective-java-examples,567,12.05,0,https://github.com/marhan/effective-java-examples
614,cucumber/cucumber-java-skeleton,394,9.01,0,https://github.com/cucumber/cucumber-java-skeleton
615,googleworkspace/java-samples,270,8.87,0,https://github.com/googleworkspace/java-samples
616,arun-gupta/docker-for-java,215,6.09,0,https://github.com/arun-gupta/docker-for-java
617,pen4uin/awesome-java-security,888,1.35,0,https://github.com/pen4uin/awesome-java-security
618,davidflanagan/javascript6_examples,288,11.89,0,https://github.com/davidflanagan/javascript6_examples
619,luontola/retrolambda,3542,9.65,0,https://github.com/luontola/retrolambda
620,shyiko/jabba,2573,6.98,25,https://github.com/shyiko/jabba
621,daniellidg/javascript-knowhow,945,5.14,0,https://github.com/daniellidg/javascript-knowhow
622,Grover-c13/PokeGOAPI-Java,1056,6.66,2,https://github.com/Grover-c13/PokeGOAPI-Java
623,mattia-battiston/clean-architecture-example,1459,7.01,0,https://github.com/mattia-battiston/clean-architecture-example
624,Storyyeller/Krakatau,1715,10.4,0,https://github.com/Storyyeller/Krakatau
625,PlexPt/chatgpt-java,1043,0.27,8,https://github.com/PlexPt/chatgpt-java
626,hadyang/interview,4483,6.55,0,https://github.com/hadyang/interview
627,TNG/ArchUnit,2605,5.9,33,https://github.com/TNG/ArchUnit
628,gopinathankm/Java-Training-2018,219,4.95,0,https://github.com/gopinathankm/Java-Training-2018
629,niranjan94/show-java,735,7.97,15,https://github.com/niranjan94/show-java
630,tranleduy2000/javaide,459,5.66,18,https://github.com/tranleduy2000/javaide
631,ziye888/JavaScript,140,1.98,0,https://github.com/ziye888/JavaScript
632,dmpe/JavaFX,214,10.08,0,https://github.com/dmpe/JavaFX
633,wangzaiplus/springboot,339,3.81,0,https://github.com/wangzaiplus/springboot
634,maxliaops/Java_Web_Examples,570,8.89,0,https://github.com/maxliaops/Java_Web_Examples
635,PacktPublishing/Java-Coding-Problems,573,4.05,0,https://github.com/PacktPublishing/Java-Coding-Problems
636,LjyYano/Thinking_in_Java_MindMapping,1426,5.51,0,https://github.com/LjyYano/Thinking_in_Java_MindMapping
637,jzj1993/JavaTcpSocket,201,8.06,0,https://github.com/jzj1993/JavaTcpSocket
638,CodeExplainedRepo/Weather-App-JavaScript,149,3.83,0,https://github.com/CodeExplainedRepo/Weather-App-JavaScript
639,jscomplete/learn-fullstack-javascript,425,6.48,0,https://github.com/jscomplete/learn-fullstack-javascript
640,jOOQ/jOOQ,5351,11.91,0,https://github.com/jOOQ/jOOQ
641,xerial/snappy-java,939,10.52,18,https://github.com/xerial/snappy-java
642,developerforce/Force.com-JavaScript-REST-Toolkit,316,11.96,0,https://github.com/developerforce/Force.com-JavaScript-REST-Toolkit
643,dropbox/dropbox-sdk-java,552,9.72,37,https://github.com/dropbox/dropbox-sdk-java
644,HotswapProjects/HotswapAgent,1961,9.32,14,https://github.com/HotswapProjects/HotswapAgent
645,c2nes/javalang,612,10.46,2,https://github.com/c2nes/javalang
646,LeonardoZ/java-concurrency-patterns,1376,5.18,0,https://github.com/LeonardoZ/java-concurrency-patterns
647,thinkswell/javascript-mini-projects,511,2.44,0,https://github.com/thinkswell/javascript-mini-projects
648,sahandghavidel/HTML-CSS-JavaScript-projects-for-beginners,346,1.21,0,https://github.com/sahandghavidel/HTML-CSS-JavaScript-projects-for-beginners
649,dingwpmz/JavaLadder,348,1.97,0,https://github.com/dingwpmz/JavaLadder
650,google/ExoPlayer,20506,8.75,23,https://github.com/google/ExoPlayer
651,gousiosg/java-callgraph,657,11.8,0,https://github.com/gousiosg/java-callgraph
652,wycats/javascript-decorators,2395,8.02,0,https://github.com/wycats/javascript-decorators
653,Progether/JAdventure,294,10.46,1,https://github.com/Progether/JAdventure
654,agoncal/agoncal-application-petstore-ee6,200,11.14,0,https://github.com/agoncal/agoncal-application-petstore-ee6
655,GoogleCloudPlatform/DataflowJavaSDK,856,8.28,30,https://github.com/GoogleCloudPlatform/DataflowJavaSDK
656,k33ptoo/School-Management-System-JavaFX,240,4.72,0,https://github.com/k33ptoo/School-Management-System-JavaFX
657,yusugomori/DeepLearning,2984,10.2,0,https://github.com/yusugomori/DeepLearning
658,msbbigdata/javase,352,3.6,0,https://github.com/msbbigdata/javase
659,ninia/jep,1065,12.07,10,https://github.com/ninia/jep
660,jpmml/jpmml-evaluator,842,9.05,35,https://github.com/jpmml/jpmml-evaluator
661,shinezejian/javaStructures,155,6.35,0,https://github.com/shinezejian/javaStructures
662,openmessaging/openmessaging-java,716,5.97,3,https://github.com/openmessaging/openmessaging-java
663,liubin915249126/javascript,235,5.56,0,https://github.com/liubin915249126/javascript
664,lihengming/java-codes,528,5.81,0,https://github.com/lihengming/java-codes
665,dustin/java-memcached-client,495,15.04,0,https://github.com/dustin/java-memcached-client
666,spring-guides/gs-gradle,137,9.91,0,https://github.com/spring-guides/gs-gradle
667,saturnism/grpc-by-example-java,844,6.57,0,https://github.com/saturnism/grpc-by-example-java
668,youlookwhat/DesignPattern,3741,6.4,0,https://github.com/youlookwhat/DesignPattern
669,mitreid-connect/OpenID-Connect-Java-Spring-Server,1429,11.37,0,https://github.com/mitreid-connect/OpenID-Connect-Java-Spring-Server
670,martinwojtus/tutorials,156,3.83,0,https://github.com/martinwojtus/tutorials
671,cardillo/joinery,658,8.37,10,https://github.com/cardillo/joinery
672,iluwatar/30-seconds-of-java,814,5.25,0,https://github.com/iluwatar/30-seconds-of-java
673,asterisk-java/asterisk-java,366,12.22,7,https://github.com/asterisk-java/asterisk-java
674,alok722/namaste-javascript-notes,798,1.67,0,https://github.com/alok722/namaste-javascript-notes
675,TyCoding/tumo,670,4.38,0,https://github.com/TyCoding/tumo
676,google/j2objc,5925,9.12,39,https://github.com/google/j2objc
677,libass/JavascriptSubtitlesOctopus,329,6.18,7,https://github.com/libass/JavascriptSubtitlesOctopus
678,CodeExplainedRepo/Snake-JavaScript,130,4.61,0,https://github.com/CodeExplainedRepo/Snake-JavaScript
679,Pradeep-Pandey13/CheatSheets-HTML-CSS-JavaScript,932,0.95,0,https://github.com/Pradeep-Pandey13/CheatSheets-HTML-CSS-JavaScript
680,rsperberg/essential-javascript-links,138,8.1,0,https://github.com/rsperberg/essential-javascript-links
681,sadatrafsanjani/JavaFX-Point-of-Sales,186,5.77,0,https://github.com/sadatrafsanjani/JavaFX-Point-of-Sales
682,Ziphtracks/JavaLearningmanual,215,2.55,0,https://github.com/Ziphtracks/JavaLearningmanual
683,arun-gupta/docker-java,387,7.88,0,https://github.com/arun-gupta/docker-java
684,JamesZBL/java_design_patterns,644,5.35,0,https://github.com/JamesZBL/java_design_patterns
685,PacktWorkshops/The-JavaScript-Workshop,118,3.67,0,https://github.com/PacktWorkshops/The-JavaScript-Workshop
686,nhn/fe.javascript,1119,7.86,0,https://github.com/nhn/fe.javascript
687,Swap76/Learn-JavaScript,106,3.76,0,https://github.com/Swap76/Learn-JavaScript
688,dom4j/dom4j,844,7.7,13,https://github.com/dom4j/dom4j
689,oldratlee/fucking-java-concurrency,931,8.75,0,https://github.com/oldratlee/fucking-java-concurrency
690,fan-wenjie/EasyPR-Java,598,8.0,0,https://github.com/fan-wenjie/EasyPR-Java
691,h2database/h2database,3642,7.93,18,https://github.com/h2database/h2database
692,btraceio/btrace,5366,8.54,30,https://github.com/btraceio/btrace
693,Java-Edge/Java-Concurrency-Progamming-Tutorial,1168,4.96,0,https://github.com/Java-Edge/Java-Concurrency-Progamming-Tutorial
694,uprock/javascript,627,9.31,0,https://github.com/uprock/javascript
695,deathmarine/Luyten,4678,9.68,17,https://github.com/deathmarine/Luyten
696,docker-library/openjdk,1093,8.77,0,https://github.com/docker-library/openjdk
697,GraxCode/JByteMod-Beta,763,5.49,30,https://github.com/GraxCode/JByteMod-Beta
698,forax/java-guide,511,3.21,0,https://github.com/forax/java-guide
699,jMonkeyEngine/jmonkeyengine,3350,8.99,54,https://github.com/jMonkeyEngine/jmonkeyengine
700,chucktomasi/sn-learn-javascript,257,4.28,0,https://github.com/chucktomasi/sn-learn-javascript
701,yml2213/javascript,287,1.21,0,https://github.com/yml2213/javascript
702,BigPeng/JavaCNN,120,8.65,0,https://github.com/BigPeng/JavaCNN
703,census-instrumentation/opencensus-java,670,6.63,47,https://github.com/census-instrumentation/opencensus-java
704,Devskiller/jfairy,715,9.43,12,https://github.com/Devskiller/jfairy
705,qos-ch/logback,2652,13.57,0,https://github.com/qos-ch/logback
706,erictraub/Learn-Blockchain-By-Building-Your-Own-In-JavaScript,796,4.73,0,https://github.com/erictraub/Learn-Blockchain-By-Building-Your-Own-In-JavaScript
707,pippo-java/pippo,771,8.38,0,https://github.com/pippo-java/pippo
708,ZhuangM/student,165,6.29,0,https://github.com/ZhuangM/student
709,square/moshi,8820,8.6,0,https://github.com/square/moshi
710,gorhill/Javascript-Voronoi,960,11.83,1,https://github.com/gorhill/Javascript-Voronoi
711,Baidu-AIP/java-sdk,535,5.52,0,https://github.com/Baidu-AIP/java-sdk
712,niumoo/JavaNotes,281,2.8,0,https://github.com/niumoo/JavaNotes
713,kennycason/kumo,572,8.7,0,https://github.com/kennycason/kumo
714,asLody/legend,1582,7.1,0,https://github.com/asLody/legend
715,nitishdayal/JavaScript30,362,6.26,0,https://github.com/nitishdayal/JavaScript30
716,russellrosario/JavaScripter,225,5.07,0,https://github.com/russellrosario/JavaScripter
717,bellshade/Javascript,270,1.59,0,https://github.com/bellshade/Javascript
718,ESAPI/esapi-java-legacy,538,8.51,10,https://github.com/ESAPI/esapi-java-legacy
719,eoinsha/JavaPhoenixChannels,204,7.87,0,https://github.com/eoinsha/JavaPhoenixChannels
720,ArthurClemens/JavaScript-Undo-Manager,395,12.35,2,https://github.com/ArthurClemens/JavaScript-Undo-Manager
721,guoguibing/librec,3158,9.18,3,https://github.com/guoguibing/librec
722,azat-co/fullstack-javascript,502,7.32,0,https://github.com/azat-co/fullstack-javascript
723,rubenlagus/TelegramBots,3592,7.17,77,https://github.com/rubenlagus/TelegramBots
724,hong52ni/JavaAdvance-Interview,361,1.04,0,https://github.com/hong52ni/JavaAdvance-Interview
725,yuxingxin/RxJava-Essentials-CN,1283,7.2,0,https://github.com/yuxingxin/RxJava-Essentials-CN
726,atjiu/pybbs,1591,7.93,13,https://github.com/atjiu/pybbs
727,EsotericSoftware/kryo,5753,9.36,30,https://github.com/EsotericSoftware/kryo
728,paulorievrs/java4noobs,554,2.94,0,https://github.com/paulorievrs/java4noobs
729,coderwhy/JavaScript-Data-Structure,391,4.96,0,https://github.com/coderwhy/JavaScript-Data-Structure
730,kishikawakatsumi/JavaScriptBridge,523,9.2,13,https://github.com/kishikawakatsumi/JavaScriptBridge
731,NASAWorldWind/WorldWindJava,666,7.38,9,https://github.com/NASAWorldWind/WorldWindJava
732,jblas-project/jblas,568,13.86,0,https://github.com/jblas-project/jblas
733,aimacode/aima-javascript,506,7.03,0,https://github.com/aimacode/aima-javascript
734,semicons/java_oci_manage,951,1.3,55,https://github.com/semicons/java_oci_manage
735,bbottema/simple-java-mail,1068,7.91,92,https://github.com/bbottema/simple-java-mail
736,wg/scrypt,423,12.15,0,https://github.com/wg/scrypt
737,waylau/essential-java,599,7.23,0,https://github.com/waylau/essential-java
738,castello/javajungsuk_basic,439,3.55,0,https://github.com/castello/javajungsuk_basic
739,ollide/intellij-java2smali,464,9.14,7,https://github.com/ollide/intellij-java2smali
740,buckyroberts/JavaScript-Lessons,146,6.7,0,https://github.com/buckyroberts/JavaScript-Lessons
741,fupinglee/JavaTools,259,2.63,0,https://github.com/fupinglee/JavaTools
742,SignalR/java-client,323,9.17,0,https://github.com/SignalR/java-client
743,google/error-prone,6364,8.56,26,https://github.com/google/error-prone
744,lvarayut/JavaScript-21-Days-Challenge,165,3.19,0,https://github.com/lvarayut/JavaScript-21-Days-Challenge
745,xpinjection/java8-misuses,242,6.54,0,https://github.com/xpinjection/java8-misuses
746,mohammedabdulbari/Java-SE,163,2.92,0,https://github.com/mohammedabdulbari/Java-SE
747,yomorun/hashids-java,956,8.91,1,https://github.com/yomorun/hashids-java
748,zhouit/Zblog,251,8.23,0,https://github.com/zhouit/Zblog
749,redisson/redisson-examples,303,6.33,0,https://github.com/redisson/redisson-examples
750,anapsix/docker-alpine-java,719,7.69,0,https://github.com/anapsix/docker-alpine-java
751,varunu28/LeetCode-Java-Solutions,569,5.64,0,https://github.com/varunu28/LeetCode-Java-Solutions
752,youxin11544/MVP-RxJava-Hybride,855,6.59,0,https://github.com/youxin11544/MVP-RxJava-Hybride
753,sofastack/sofa-jraft,3136,4.03,26,https://github.com/sofastack/sofa-jraft
754,MatrixSeven/JavaAOP,141,7.21,0,https://github.com/MatrixSeven/JavaAOP
755,cbeust/jcommander,1822,12.67,0,https://github.com/cbeust/jcommander
756,hprose/hprose-java,555,9.04,43,https://github.com/hprose/hprose-java
757,Tyson0314/java-books,762,1.64,0,https://github.com/Tyson0314/java-books
758,google/truth,2574,11.73,26,https://github.com/google/truth
759,java-decompiler/jd-eclipse,668,7.89,2,https://github.com/java-decompiler/jd-eclipse
760,openjdk/jdk,15320,4.49,0,https://github.com/openjdk/jdk
761,lemire/javaewah,530,12.44,1,https://github.com/lemire/javaewah
762,java-decompiler/jd-core,406,3.84,10,https://github.com/java-decompiler/jd-core
763,cincheo/jsweet,1354,7.93,19,https://github.com/cincheo/jsweet
764,spring-guides/gs-maven,144,9.91,0,https://github.com/spring-guides/gs-maven
765,Samuel-Oliveira/Java_NFe,472,6.48,19,https://github.com/Samuel-Oliveira/Java_NFe
766,jeffheaton/encog-java-core,740,11.73,3,https://github.com/jeffheaton/encog-java-core
767,OpenHFT/Java-Runtime-Compiler,569,9.47,14,https://github.com/OpenHFT/Java-Runtime-Compiler
768,scala/scala-java8-compat,437,9.01,28,https://github.com/scala/scala-java8-compat
769,sendbird/sendbird-javascript-samples,326,7.08,0,https://github.com/sendbird/sendbird-javascript-samples
770,nguyenq/tess4j,1277,8.72,56,https://github.com/nguyenq/tess4j
771,hapifhir/hapi-fhir,1647,8.72,69,https://github.com/hapifhir/hapi-fhir
772,alexa/alexa-skills-kit-sdk-for-java,801,7.68,74,https://github.com/alexa/alexa-skills-kit-sdk-for-java
773,ZeroOctave/ZeroOctave-Javascript-Projects,324,1.74,0,https://github.com/ZeroOctave/ZeroOctave-Javascript-Projects
774,algolia/algoliasearch-client-javascript,1201,9.82,29,https://github.com/algolia/algoliasearch-client-javascript
775,knaxus/problem-solving-javascript,1060,4.21,0,https://github.com/knaxus/problem-solving-javascript
776,spotify-web-api-java/spotify-web-api-java,822,8.91,68,https://github.com/spotify-web-api-java/spotify-web-api-java
777,microsoft/beginners-intro-javascript-node,1701,2.49,0,https://github.com/microsoft/beginners-intro-javascript-node
778,afsalashyana/JavaFX-Tutorial-Codes,103,4.49,0,https://github.com/afsalashyana/JavaFX-Tutorial-Codes
779,dschadow/JavaSecurity,214,9.22,4,https://github.com/dschadow/JavaSecurity
780,apssouza22/java-microservice,309,5.95,0,https://github.com/apssouza22/java-microservice
781,LMAX-Exchange/disruptor,15827,10.48,13,https://github.com/LMAX-Exchange/disruptor
782,RefactoringGuru/design-patterns-java,665,5.5,0,https://github.com/RefactoringGuru/design-patterns-java
783,caison/java-knowledge-mind-map,865,4.22,0,https://github.com/caison/java-knowledge-mind-map
784,braisdom/ObjectiveSql,1209,2.68,0,https://github.com/braisdom/ObjectiveSql
785,ErickWendel/semana-javascript-expert06,1279,1.03,0,https://github.com/ErickWendel/semana-javascript-expert06
786,dawei101/shadowsocks-android-java,581,6.63,4,https://github.com/dawei101/shadowsocks-android-java
787,xiaowei1118/java_server,351,7.66,0,https://github.com/xiaowei1118/java_server
788,protostuff/protostuff,1913,9.15,17,https://github.com/protostuff/protostuff
789,uptop/JavaWebSocket,264,5.76,0,https://github.com/uptop/JavaWebSocket
790,dabbott/javascript-playgrounds,1335,6.86,0,https://github.com/dabbott/javascript-playgrounds
791,googlearchive/tango-examples-java,495,8.64,15,https://github.com/googlearchive/tango-examples-java
792,aerospike/aerospike-client-java,219,9.11,0,https://github.com/aerospike/aerospike-client-java
793,lkuza2/java-speech-api,512,11.18,7,https://github.com/lkuza2/java-speech-api
794,TakahikoKawasaki/nv-websocket-client,1956,7.97,0,https://github.com/TakahikoKawasaki/nv-websocket-client
795,kwhat/jnativehook,1496,9.46,25,https://github.com/kwhat/jnativehook
796,rampatra/jbot,1190,6.78,9,https://github.com/rampatra/jbot
797,georgewfraser/java-language-server,486,7.01,0,https://github.com/georgewfraser/java-language-server
798,scream3r/java-simple-serial-connector,581,10.01,1,https://github.com/scream3r/java-simple-serial-connector
799,amigoscode/javascript,131,3.06,0,https://github.com/amigoscode/javascript
800,francistao/LearningNotes,12857,6.77,0,https://github.com/francistao/LearningNotes
801,restlet/restlet-framework-java,636,11.24,0,https://github.com/restlet/restlet-framework-java
802,jiang111/RxJavaApp,1050,7.01,5,https://github.com/jiang111/RxJavaApp
803,JavascriptNet/Javascript.Net,817,9.97,0,https://github.com/JavascriptNet/Javascript.Net
804,thapatechnical/JavaScriptCourseByThapaTechnical,138,2.17,0,https://github.com/thapatechnical/JavaScriptCourseByThapaTechnical
805,raphw/byte-buddy,5470,9.3,265,https://github.com/raphw/byte-buddy
806,lemire/JavaFastPFOR,495,10.69,0,https://github.com/lemire/JavaFastPFOR
807,microsoft/ApplicationInsights-Java,252,8.28,93,https://github.com/microsoft/ApplicationInsights-Java
808,ErickWendel/semana-javascript-expert05,1547,1.53,0,https://github.com/ErickWendel/semana-javascript-expert05
809,Grasscutters/Grasscutter,12736,0.91,6,https://github.com/Grasscutters/Grasscutter
810,in28minutes/java-cheat-sheet,548,5.39,0,https://github.com/in28minutes/java-cheat-sheet
811,googleapis/google-oauth-java-client,580,8.38,30,https://github.com/googleapis/google-oauth-java-client
812,leetcoders/LeetCode-Java,259,8.26,0,https://github.com/leetcoders/LeetCode-Java
813,OGRECave/ogre,3198,7.29,62,https://github.com/OGRECave/ogre
814,code-review-checklists/java-concurrency,1144,4.02,0,https://github.com/code-review-checklists/java-concurrency
815,oblac/jodd,3962,10.52,37,https://github.com/oblac/jodd
816,msgpack/msgpack-javascript,1052,11.34,5,https://github.com/msgpack/msgpack-javascript
817,clxering/Effective-Java-3rd-edition-Chinese-English-bilingual,3063,4.56,0,https://github.com/clxering/Effective-Java-3rd-edition-Chinese-English-bilingual
818,microsoft/vscode-java-debug,459,5.52,42,https://github.com/microsoft/vscode-java-debug
819,DataDog/dd-trace-java,416,5.89,174,https://github.com/DataDog/dd-trace-java
820,aterai/java-swing-tips,436,8.51,0,https://github.com/aterai/java-swing-tips
821,woorea/openstack-java-sdk,193,11.09,0,https://github.com/woorea/openstack-java-sdk
822,aws-samples/kubernetes-for-java-developers,561,4.82,0,https://github.com/aws-samples/kubernetes-for-java-developers
823,JackChan1999/Java_Basic_Introduction,616,6.03,0,https://github.com/JackChan1999/Java_Basic_Introduction
824,bnb-chain/javascript-sdk,339,4.54,21,https://github.com/bnb-chain/javascript-sdk
825,Bishop92/JavaScript-Data-Structures,443,8.95,1,https://github.com/Bishop92/JavaScript-Data-Structures
826,cas-projects/cas-sample-java-webapp,142,10.12,0,https://github.com/cas-projects/cas-sample-java-webapp
827,javaxiaokashow/JavaFaceNotes,261,2.87,0,https://github.com/javaxiaokashow/JavaFaceNotes
828,jdereg/json-io,303,9.53,0,https://github.com/jdereg/json-io
829,THEONE10211024/RxJavaSamples,1104,7.23,0,https://github.com/THEONE10211024/RxJavaSamples
830,shack2/javaserializetools,378,4.5,5,https://github.com/shack2/javaserializetools
831,brianway/webporter,2708,6.31,1,https://github.com/brianway/webporter
832,lowbyteproductions/JavaScript-Is-Weird,289,3.56,0,https://github.com/lowbyteproductions/JavaScript-Is-Weird
833,eviltester/javaForTestersCode,111,8.84,0,https://github.com/eviltester/javaForTestersCode
834,signalapp/libsignal-service-java,565,8.04,0,https://github.com/signalapp/libsignal-service-java
835,timols/java-gitlab-api,378,9.82,0,https://github.com/timols/java-gitlab-api
836,IanDarwin/javasrc,224,9.43,0,https://github.com/IanDarwin/javasrc
837,tcorral/javascript-challenges-book,801,8.93,0,https://github.com/tcorral/javascript-challenges-book
838,lizhangqu/CoreLink,2714,7.88,0,https://github.com/lizhangqu/CoreLink
839,heroku/heroku-buildpack-java,168,11.77,0,https://github.com/heroku/heroku-buildpack-java
840,vorburger/MariaDB4j,734,11.11,11,https://github.com/vorburger/MariaDB4j
841,Esri/geometry-api-java,664,10.16,12,https://github.com/Esri/geometry-api-java
842,iliakan/javascript-tutorial-ru,460,5.78,0,https://github.com/iliakan/javascript-tutorial-ru
843,com-lihaoyi/mill,1848,5.41,87,https://github.com/com-lihaoyi/mill
844,alibaba/Alibaba-Java-Coding-Guidelines,885,6.08,0,https://github.com/alibaba/Alibaba-Java-Coding-Guidelines
845,uhub/awesome-javascript,761,7.59,0,https://github.com/uhub/awesome-javascript
846,DozerMapper/dozer,2013,11.14,9,https://github.com/DozerMapper/dozer
847,techops-recsys-lateral-hiring/developer-joyofenergy-java,114,2.47,0,https://github.com/techops-recsys-lateral-hiring/developer-joyofenergy-java
848,lewiscrow/WorkHardAndFindJob,172,3.05,0,https://github.com/lewiscrow/WorkHardAndFindJob
849,karussell/snacktory,459,11.68,0,https://github.com/karussell/snacktory
850,raganwald/javascript-allonge,750,9.47,0,https://github.com/raganwald/javascript-allonge
851,fantj2016/java-reader,596,3.91,2,https://github.com/fantj2016/java-reader
852,jcip/jcip.github.com,371,10.12,0,https://github.com/jcip/jcip.github.com
853,dingjs/javaagent,358,7.49,2,https://github.com/dingjs/javaagent
854,facebook/facebook-java-business-sdk,342,7.29,7,https://github.com/facebook/facebook-java-business-sdk
855,oktadev/java-microservices-examples,465,3.83,0,https://github.com/oktadev/java-microservices-examples
856,hueitan/javascript-sdk-design,1361,7.9,0,https://github.com/hueitan/javascript-sdk-design
857,usnistgov/jsip,250,6.88,0,https://github.com/usnistgov/jsip
858,jhipster/prettier-java,917,5.19,23,https://github.com/jhipster/prettier-java
859,MarkerHub/JavaIndex,245,3.13,0,https://github.com/MarkerHub/JavaIndex
860,atom/language-javascript,199,9.4,0,https://github.com/atom/language-javascript
861,tozny/java-aes-crypto,729,8.33,2,https://github.com/tozny/java-aes-crypto
862,pedrovgs/Algorithms,2763,8.35,0,https://github.com/pedrovgs/Algorithms
863,michaelliao/cryptocurrency,835,6.41,0,https://github.com/michaelliao/cryptocurrency
864,jnr/jnr-ffi,1088,12.11,0,https://github.com/jnr/jnr-ffi
865,javaee-samples/javaee7-hol,136,9.52,0,https://github.com/javaee-samples/javaee7-hol
866,nats-io/nats.java,463,7.39,67,https://github.com/nats-io/nats.java
867,binarywang/java-testdata-generator,526,7.15,0,https://github.com/binarywang/java-testdata-generator
868,greenrobot/essentials,1354,8.36,1,https://github.com/greenrobot/essentials
869,clojure/java.jdbc,699,11.91,0,https://github.com/clojure/java.jdbc
870,webx/citrus,758,11.4,0,https://github.com/webx/citrus
871,mabe02/lanterna,1987,7.71,0,https://github.com/mabe02/lanterna
872,Troland/how-javascript-works,1092,4.9,0,https://github.com/Troland/how-javascript-works
873,konsoletyper/teavm,2189,9.47,11,https://github.com/konsoletyper/teavm
874,googleads/googleads-java-lib,221,9.34,91,https://github.com/googleads/googleads-java-lib
875,longfeizheng/blockchain-java,391,5.02,0,https://github.com/longfeizheng/blockchain-java
876,taskadapter/redmine-java-api,260,10.93,2,https://github.com/taskadapter/redmine-java-api
877,Kurento/kurento-tutorial-java,359,8.61,0,https://github.com/Kurento/kurento-tutorial-java
878,NoCortY/WebSSH,799,3.02,0,https://github.com/NoCortY/WebSSH
879,smartdevicelink/sdl_java_suite,186,8.46,60,https://github.com/smartdevicelink/sdl_java_suite
880,snazy/ohc,925,8.32,0,https://github.com/snazy/ohc
881,harrywfl/JavaGuide,188,3.83,0,https://github.com/harrywfl/JavaGuide
882,308tube/com.youtube.rest,184,10.15,0,https://github.com/308tube/com.youtube.rest
883,a-schild/jave2,971,10.03,24,https://github.com/a-schild/jave2
884,PingPlusPlus/pingpp-java,240,8.46,0,https://github.com/PingPlusPlus/pingpp-java
885,YunaBraska/nats-server-embedded,246,2.14,102,https://github.com/YunaBraska/nats-server-embedded
886,cloudfoundry/cf-java-client,318,11.48,110,https://github.com/cloudfoundry/cf-java-client
887,fossasia/pslab-android,2026,5.97,21,https://github.com/fossasia/pslab-android
888,medcl/elasticsearch-analysis-ik,14874,11.25,184,https://github.com/medcl/elasticsearch-analysis-ik
889,EightM/JavaBackendStartGuide,401,1.75,1,https://github.com/EightM/JavaBackendStartGuide
890,jbox2d/jbox2d,1014,9.19,0,https://github.com/jbox2d/jbox2d
891,fynnfluegge/oreon-engine,578,7.24,0,https://github.com/fynnfluegge/oreon-engine
892,starcwang/easy_javadoc,1697,3.56,0,https://github.com/starcwang/easy_javadoc
893,lindenb/jvarkit,406,9.86,6,https://github.com/lindenb/jvarkit
894,TencentCloud/tencentcloud-sdk-java,454,4.91,0,https://github.com/TencentCloud/tencentcloud-sdk-java
895,Itiviti/simple-slack-api,471,8.44,12,https://github.com/Itiviti/simple-slack-api
896,helun/Ektorp,300,12.07,0,https://github.com/helun/Ektorp
897,Knn120/OnJava8-PDF,537,3.43,0,https://github.com/Knn120/OnJava8-PDF
898,iLoveCodingOrg/javascript-cheatsheet,739,4.39,0,https://github.com/iLoveCodingOrg/javascript-cheatsheet
899,vitaly-chibrikov/stepic_java_webserver,176,7.68,0,https://github.com/vitaly-chibrikov/stepic_java_webserver
900,mechaniac/Map-of-Javascript,1729,2.09,0,https://github.com/mechaniac/Map-of-Javascript
901,ChrisMayfield/ThinkJavaCode2,124,5.61,1,https://github.com/ChrisMayfield/ThinkJavaCode2
902,aws-samples/amazon-ecs-java-microservices,339,5.77,0,https://github.com/aws-samples/amazon-ecs-java-microservices
903,blowsie/Pure-JavaScript-HTML5-Parser,270,9.76,0,https://github.com/blowsie/Pure-JavaScript-HTML5-Parser
904,microsoft/playwright-java,696,2.47,43,https://github.com/microsoft/playwright-java
905,crmeb/crmeb_java,413,2.59,0,https://github.com/crmeb/crmeb_java
906,zerodha/javakiteconnect,151,6.42,19,https://github.com/zerodha/javakiteconnect
907,kstyrc/embedded-redis,797,9.59,0,https://github.com/kstyrc/embedded-redis
908,Coalfire-Research/java-deserialization-exploits,577,6.79,0,https://github.com/Coalfire-Research/java-deserialization-exploits
909,cloudevents/sdk-java,316,4.48,20,https://github.com/cloudevents/sdk-java
910,bwaldvogel/liblinear-java,307,14.4,0,https://github.com/bwaldvogel/liblinear-java
911,allure-framework/allure-java,290,6.11,42,https://github.com/allure-framework/allure-java
912,tedyoung/awesome-java8,403,7.21,0,https://github.com/tedyoung/awesome-java8
913,opentracing/opentracing-javascript,1088,7.16,3,https://github.com/opentracing/opentracing-javascript
914,apache/wicket,669,13.82,0,https://github.com/apache/wicket
915,apache/storm,6434,9.36,0,https://github.com/apache/storm
916,apache/camel,4768,13.82,0,https://github.com/apache/camel
917,google/j2cl,1034,5.74,0,https://github.com/google/j2cl
918,7hang/--Java,242,2.8,0,https://github.com/7hang/--Java
919,wwsun/awesome-javascript,780,8.03,0,https://github.com/wwsun/awesome-javascript
920,kostaskougios/cloning,555,8.01,0,https://github.com/kostaskougios/cloning
921,HuobiRDCenter/huobi_Java,263,4.03,17,https://github.com/HuobiRDCenter/huobi_Java
922,rage/java-programming,345,3.68,0,https://github.com/rage/java-programming
923,LetsUpgrade/Javascript-Essentials,287,2.67,0,https://github.com/LetsUpgrade/Javascript-Essentials
924,caelum/vraptor,384,13.99,4,https://github.com/caelum/vraptor
925,streaming-with-flink/examples-java,283,6.31,0,https://github.com/streaming-with-flink/examples-java
926,udacity/ud867,670,8.0,0,https://github.com/udacity/ud867
927,guanzhenxing/java_interview_manual,594,4.73,0,https://github.com/guanzhenxing/java_interview_manual
928,VictorAlbertos/RxCache,2385,7.18,44,https://github.com/VictorAlbertos/RxCache
929,brettwooldridge/HikariCP,17960,9.43,0,https://github.com/brettwooldridge/HikariCP
930,72wukong/72crm-9.0-JAVA,642,3.85,9,https://github.com/72wukong/72crm-9.0-JAVA
931,cami-la/exceptions-java,584,1.47,0,https://github.com/cami-la/exceptions-java
932,naveenanimation20/SeleniumJavaCourse,185,5.48,0,https://github.com/naveenanimation20/SeleniumJavaCourse
933,aws-samples/aws-java-sample,218,9.51,0,https://github.com/aws-samples/aws-java-sample
934,solygambas/html-css-javascript-projects,451,2.18,0,https://github.com/solygambas/html-css-javascript-projects
935,adamlu/javascript-style-guide,648,9.62,0,https://github.com/adamlu/javascript-style-guide
936,RuedigerMoeller/fast-serialization,1510,9.27,67,https://github.com/RuedigerMoeller/fast-serialization
937,appsecco/dvja,102,4.38,0,https://github.com/appsecco/dvja
938,dapr/java-sdk,223,3.43,13,https://github.com/dapr/java-sdk
939,paypal/SeLion,266,8.59,5,https://github.com/paypal/SeLion
940,OWASP/java-html-sanitizer,758,7.89,6,https://github.com/OWASP/java-html-sanitizer
941,Lemonreds/javaee-blog,410,5.46,0,https://github.com/Lemonreds/javaee-blog
942,fommil/netlib-java,655,10.15,0,https://github.com/fommil/netlib-java
943,PanagiotisDrakatos/JavaRansomware,103,6.24,0,https://github.com/PanagiotisDrakatos/JavaRansomware
944,joestelmach/natty,510,13.15,0,https://github.com/joestelmach/natty
945,tianshb/JavaLearning,160,6.09,0,https://github.com/tianshb/JavaLearning
946,TarsCloud/TarsJava,379,4.51,7,https://github.com/TarsCloud/TarsJava
947,wesbos/javascript-drones,597,4.28,0,https://github.com/wesbos/javascript-drones
948,harsh98trivedi/Simple-JavaScript-Calculator,101,3.21,0,https://github.com/harsh98trivedi/Simple-JavaScript-Calculator
949,jaegertracing/jaeger-client-java,485,6.9,34,https://github.com/jaegertracing/jaeger-client-java
950,square/wire,3978,9.57,0,https://github.com/square/wire
951,apache/cassandra,7863,13.82,0,https://github.com/apache/cassandra
952,isee15/captcha-ocr,138,7.66,0,https://github.com/isee15/captcha-ocr
953,palatable/lambda,830,9.13,0,https://github.com/palatable/lambda
954,leosanqing/Java-Notes,646,3.99,0,https://github.com/leosanqing/Java-Notes
955,pH-7/Simple-Java-Calculator,188,10.87,2,https://github.com/pH-7/Simple-Java-Calculator
956,Glank/Java-Games,214,10.65,0,https://github.com/Glank/Java-Games
957,JasanHdz/javascript-professional,333,3.5,0,https://github.com/JasanHdz/javascript-professional
958,LjyYano/LeetCode,322,7.36,0,https://github.com/LjyYano/LeetCode
959,ff4j/ff4j,1165,9.73,15,https://github.com/ff4j/ff4j
960,javatuples/javatuples,439,10.84,0,https://github.com/javatuples/javatuples
961,WebDevSimplified/JavaScript-Tic-Tac-Toe,110,3.19,0,https://github.com/WebDevSimplified/JavaScript-Tic-Tac-Toe
962,openzipkin/brave,2255,9.94,80,https://github.com/openzipkin/brave
963,spotify/apollo,1648,7.36,56,https://github.com/spotify/apollo
964,jsoverson/JavaScript-Particle-System,240,11.76,0,https://github.com/jsoverson/JavaScript-Particle-System
965,alexlorenlee/JavaTutorialCode,115,3.95,0,https://github.com/alexlorenlee/JavaTutorialCode
966,sergiodxa/impresionante-javascript,405,7.12,0,https://github.com/sergiodxa/impresionante-javascript
967,microsoftgraph/msgraph-sdk-javascript,617,6.48,39,https://github.com/microsoftgraph/msgraph-sdk-javascript
968,daimajia/java-multithread-downloader,260,9.77,0,https://github.com/daimajia/java-multithread-downloader
969,helloworldcoin/helloworldcoin-java,623,3.44,0,https://github.com/helloworldcoin/helloworldcoin-java
970,nviennot/jd-core-java,252,10.4,0,https://github.com/nviennot/jd-core-java
971,optimaize/language-detector,535,9.04,2,https://github.com/optimaize/language-detector
972,matthiaskaiser/jmet,453,6.65,1,https://github.com/matthiaskaiser/jmet
973,bobcarroll/jira-client,460,9.8,0,https://github.com/bobcarroll/jira-client
974,tsejx/javascript-guidebook,646,5.61,0,https://github.com/tsejx/javascript-guidebook
975,vidstige/jadb,555,9.64,6,https://github.com/vidstige/jadb
976,waylau/netty-4-user-guide-demos,1654,8.09,1,https://github.com/waylau/netty-4-user-guide-demos
977,steveonjava/JavaFX-Spring,142,10.55,0,https://github.com/steveonjava/JavaFX-Spring
978,guardianproject/android-ffmpeg-java,552,10.51,0,https://github.com/guardianproject/android-ffmpeg-java
979,SQiShER/java-object-diff,867,10.9,14,https://github.com/SQiShER/java-object-diff
980,jython/jython,805,2.64,0,https://github.com/jython/jython
981,ua-parser/uap-java,334,8.35,1,https://github.com/ua-parser/uap-java
982,HynekPetrak/javascript-malware-collection,533,5.85,0,https://github.com/HynekPetrak/javascript-malware-collection
983,jsonld-java/jsonld-java,366,11.25,0,https://github.com/jsonld-java/jsonld-java
984,Grt1228/chatgpt-java,467,0.09,0,https://github.com/Grt1228/chatgpt-java
985,maxmind/GeoIP2-java,682,9.95,43,https://github.com/maxmind/GeoIP2-java
986,amazon-ion/ion-java,848,7.43,30,https://github.com/amazon-ion/ion-java
987,kousen/java_8_recipes,347,7.01,0,https://github.com/kousen/java_8_recipes
988,microsoft/vscode-remote-try-java,205,3.91,0,https://github.com/microsoft/vscode-remote-try-java
989,Evernote/evernote-sdk-java,257,10.91,0,https://github.com/Evernote/evernote-sdk-java
990,alibaba/java-dns-cache-manipulator,758,7.97,22,https://github.com/alibaba/java-dns-cache-manipulator
991,rongcloud/server-sdk-java,247,8.34,0,https://github.com/rongcloud/server-sdk-java
992,Taritsyn/JavaScriptEngineSwitcher,386,9.53,187,https://github.com/Taritsyn/JavaScriptEngineSwitcher
993,MagnusS/Java-BloomFilter,469,11.47,0,https://github.com/MagnusS/Java-BloomFilter
994,zxh0/classpy,1041,8.59,7,https://github.com/zxh0/classpy
995,tipjs/javascript-style-guide,684,9.34,0,https://github.com/tipjs/javascript-style-guide
996,Tyson0314/Java-learning,625,4.22,0,https://github.com/Tyson0314/Java-learning
997,dwyl/Javascript-the-Good-Parts-notes,1117,8.94,0,https://github.com/dwyl/Javascript-the-Good-Parts-notes
998,ben-manes/concurrentlinkedhashmap,437,8.01,0,https://github.com/ben-manes/concurrentlinkedhashmap
999,googleapis/google-api-java-client-services,477,4.53,0,https://github.com/googleapis/google-api-java-client-services
1000,PhilJay/MPAndroidChart,36226,8.89,44,https://github.com/PhilJay/MPAndroidChart
