Número,Nome,Estrelas,Idade (anos),Número de releases,Url
1,TheAlgorithms/Java,50706,6.66,0,https://github.com/TheAlgorithms/Java
2,DuGuQiuBai/Java,10845,7.3,0,https://github.com/DuGuQiuBai/Java
3,singgel/JAVA,3954,5.61,0,https://github.com/singgel/JAVA
4,kubernetes-client/java,2799,5.85,35,https://github.com/kubernetes-client/java
5,Snailclimb/JavaGuide,131894,4.85,0,https://github.com/Snailclimb/JavaGuide
6,HelloWorld521/Java,2444,6.26,0,https://github.com/HelloWorld521/Java
7,hmkcode/Java,706,9.9,0,https://github.com/hmkcode/Java
8,gaopu/Java,1379,8.32,0,https://github.com/gaopu/Java
9,pubnub/java,584,10.06,65,https://github.com/pubnub/java
10,bjmashibing/java,645,3.4,0,https://github.com/bjmashibing/java
11,wesbos/JavaScript30,23296,6.26,0,https://github.com/wesbos/JavaScript30
12,json-iterator/java,1427,6.27,4,https://github.com/json-iterator/java
13,chenhaoxiang/Java,1008,6.89,0,https://github.com/chenhaoxiang/Java
14,dockerfile/java,720,9.17,0,https://github.com/dockerfile/java
15,exercism/java,555,9.04,0,https://github.com/exercism/java
16,sous-chefs/java,376,11.0,45,https://github.com/sous-chefs/java
17,airbnb/javascript,132224,10.36,0,https://github.com/airbnb/javascript
18,AobingJava/JavaFamily,33315,3.34,0,https://github.com/AobingJava/JavaFamily
19,DuHouAn/Java,1288,4.44,0,https://github.com/DuHouAn/Java
20,trekhleb/javascript-algorithms,164934,4.97,0,https://github.com/trekhleb/javascript-algorithms
21,structurizr/java,884,8.76,79,https://github.com/structurizr/java
22,TheAlgorithms/JavaScript,25713,5.67,0,https://github.com/TheAlgorithms/JavaScript
23,Asabeneh/30-Days-Of-JavaScript,34216,3.23,0,https://github.com/Asabeneh/30-Days-Of-JavaScript
24,joeyajames/Java,208,7.25,0,https://github.com/joeyajames/Java
25,thaycacac/java,155,4.93,0,https://github.com/thaycacac/java
26,winterbe/java8-tutorial,16200,9.0,0,https://github.com/winterbe/java8-tutorial
27,iluwatar/java-design-patterns,80272,8.6,0,https://github.com/iluwatar/java-design-patterns
28,doocs/advanced-java,69098,4.44,1,https://github.com/doocs/advanced-java
29,bottleleung/Java,384,9.17,0,https://github.com/bottleleung/Java
30,tensorflow/java,608,3.51,8,https://github.com/tensorflow/java
31,lenve/JavaEETest,3257,6.25,0,https://github.com/lenve/JavaEETest
32,lydiahallie/javascript-questions,52932,3.76,0,https://github.com/lydiahallie/javascript-questions
33,ReactiveX/RxJava,46864,10.18,231,https://github.com/ReactiveX/RxJava
34,google/guava,46987,8.79,35,https://github.com/google/guava
35,17mon/java,207,8.32,0,https://github.com/17mon/java
36,Firebasky/Java,527,2.23,0,https://github.com/Firebasky/Java
37,akullpp/awesome-java,35754,8.68,0,https://github.com/akullpp/awesome-java
38,ryanmcdermott/clean-code-javascript,80460,6.3,0,https://github.com/ryanmcdermott/clean-code-javascript
39,skylot/jadx,33718,9.99,27,https://github.com/skylot/jadx
40,XU-ZHOU/Java,173,3.87,0,https://github.com/XU-ZHOU/Java
41,java8/Java8InAction,3124,9.37,0,https://github.com/java8/Java8InAction
42,itwanger/JavaBooks,5150,2.43,0,https://github.com/itwanger/JavaBooks
43,jonasschmedtmann/complete-javascript-course,12033,4.75,0,https://github.com/jonasschmedtmann/complete-javascript-course
44,blueimp/JavaScript-MD5,4459,11.26,0,https://github.com/blueimp/JavaScript-MD5
45,sorrycc/awesome-javascript,30333,8.7,0,https://github.com/sorrycc/awesome-javascript
46,TheOdinProject/javascript-exercises,831,5.57,0,https://github.com/TheOdinProject/javascript-exercises
47,you-dont-need/You-Dont-Need-JavaScript,18108,6.69,0,https://github.com/you-dont-need/You-Dont-Need-JavaScript
48,Hax4us/java,121,5.54,2,https://github.com/Hax4us/java
49,learning-zone/java-basics,1269,4.02,0,https://github.com/learning-zone/java-basics
50,javaee-samples/javaee7-samples,2507,9.54,0,https://github.com/javaee-samples/javaee7-samples
51,alibaba/arthas,31945,4.54,47,https://github.com/alibaba/arthas
52,hello-java-maker/JavaInterview,4052,3.07,0,https://github.com/hello-java-maker/JavaInterview
53,fabric8io-images/java,173,6.71,21,https://github.com/fabric8io-images/java
54,whx123/JavaHome,3015,2.86,0,https://github.com/whx123/JavaHome
55,langpf1/java,147,9.54,0,https://github.com/langpf1/java
56,hollischuang/toBeTopJavaer,24443,4.39,0,https://github.com/hollischuang/toBeTopJavaer
57,kunal-kushwaha/DSA-Bootcamp-Java,11023,1.62,0,https://github.com/kunal-kushwaha/DSA-Bootcamp-Java
58,grpc/grpc-java,10413,8.26,137,https://github.com/grpc/grpc-java
59,quarkusio/quarkus,11494,4.69,222,https://github.com/quarkusio/quarkus
60,mybatis/mybatis-3,18272,10.08,40,https://github.com/mybatis/mybatis-3
61,blueimp/JavaScript-Load-Image,4355,11.25,0,https://github.com/blueimp/JavaScript-Load-Image
62,square/javapoet,10104,10.11,0,https://github.com/square/javapoet
63,hansonwang99/JavaCollection,3721,2.87,0,https://github.com/hansonwang99/JavaCollection
64,LingCoder/OnJava8,16458,4.31,0,https://github.com/LingCoder/OnJava8
65,mrniko/netty-socketio,6136,11.17,6,https://github.com/mrniko/netty-socketio
66,FanZeros/java,155,2.26,0,https://github.com/FanZeros/java
67,yangxi0126/javaScript,1834,7.11,0,https://github.com/yangxi0126/javaScript
68,jwtk/jjwt,8920,8.5,0,https://github.com/jwtk/jjwt
69,ScoopInstaller/Java,182,4.98,0,https://github.com/ScoopInstaller/Java
70,mthli/Java,128,9.0,0,https://github.com/mthli/Java
71,liammclennan/JavaScript-Koans,1372,12.4,0,https://github.com/liammclennan/JavaScript-Koans
72,jobbole/awesome-java-cn,14846,7.45,0,https://github.com/jobbole/awesome-java-cn
73,bytedeco/javacv,6495,8.9,9,https://github.com/bytedeco/javacv
74,jenkins-docs/simple-java-maven-app,345,5.46,0,https://github.com/jenkins-docs/simple-java-maven-app
75,chanjarster/weixin-java-tools,2705,8.57,21,https://github.com/chanjarster/weixin-java-tools
76,crossoverJie/JCSprout,26950,5.24,0,https://github.com/crossoverJie/JCSprout
77,sudheerj/javascript-interview-questions,14793,5.37,0,https://github.com/sudheerj/javascript-interview-questions
78,google/gson,21935,7.99,6,https://github.com/google/gson
79,javascript-tutorial/en.javascript.info,20289,5.78,0,https://github.com/javascript-tutorial/en.javascript.info
80,javaparser/javaparser,4600,11.37,40,https://github.com/javaparser/javaparser
81,java-native-access/jna,7705,11.88,0,https://github.com/java-native-access/jna
82,WebDevSimplified/Face-Detection-JavaScript,844,3.82,0,https://github.com/WebDevSimplified/Face-Detection-JavaScript
83,marijnh/Eloquent-JavaScript,2806,9.45,0,https://github.com/marijnh/Eloquent-JavaScript
84,json-path/JsonPath,7741,12.14,8,https://github.com/json-path/JsonPath
85,sisterAn/JavaScript-Algorithms,4688,2.95,0,https://github.com/sisterAn/JavaScript-Algorithms
86,realm/realm-java,11365,10.9,0,https://github.com/realm/realm-java
87,mrdavidlaing/javascript-koans,2328,12.35,0,https://github.com/mrdavidlaing/javascript-koans
88,java-decompiler/jd-gui,12276,7.97,18,https://github.com/java-decompiler/jd-gui
89,marcuswestin/WebViewJavascriptBridge,14105,11.55,0,https://github.com/marcuswestin/WebViewJavascriptBridge
90,ganqqwerty/123-Essential-JavaScript-Interview-Questions,4241,7.78,0,https://github.com/ganqqwerty/123-Essential-JavaScript-Interview-Questions
91,stleary/JSON-java,4220,12.23,17,https://github.com/stleary/JSON-java
92,BonsaiDen/JavaScript-Garden,3415,12.19,0,https://github.com/BonsaiDen/JavaScript-Garden
93,shichuan/javascript-patterns,9324,11.26,0,https://github.com/shichuan/javascript-patterns
94,LinkedInLearning/learning-java-2825378,588,3.15,0,https://github.com/LinkedInLearning/learning-java-2825378
95,rohan-paul/Awesome-JavaScript-Interviews,2431,4.96,0,https://github.com/rohan-paul/Awesome-JavaScript-Interviews
96,careercup/CtCI-6th-Edition-JavaScript,2919,7.09,0,https://github.com/careercup/CtCI-6th-Edition-JavaScript
97,aspnet/JavaScriptServices,3067,7.36,2,https://github.com/aspnet/JavaScriptServices
98,blueimp/JavaScript-Templates,1699,11.26,0,https://github.com/blueimp/JavaScript-Templates
99,CodingDocs/awesome-java,7880,3.27,0,https://github.com/CodingDocs/awesome-java
100,Vishal-raj-1/Awesome-JavaScript-Projects,1549,2.28,0,https://github.com/Vishal-raj-1/Awesome-JavaScript-Projects
101,google/google-java-format,4887,7.84,18,https://github.com/google/google-java-format
102,CarpenterLee/JavaLambdaInternals,1942,6.42,0,https://github.com/CarpenterLee/JavaLambdaInternals
103,goldbergyoni/javascript-testing-best-practices,21034,3.7,0,https://github.com/goldbergyoni/javascript-testing-best-practices
104,soyaine/JavaScript30,2292,6.23,0,https://github.com/soyaine/JavaScript30
105,javascript-obfuscator/javascript-obfuscator,10651,6.85,216,https://github.com/javascript-obfuscator/javascript-obfuscator
106,TooTallNate/Java-WebSocket,9629,13.14,14,https://github.com/TooTallNate/Java-WebSocket
107,jfinal/jfinal,3190,10.89,0,https://github.com/jfinal/jfinal
108,graphql-java/graphql-java,5762,7.69,49,https://github.com/graphql-java/graphql-java
109,mrdear/JavaWEB,830,6.65,0,https://github.com/mrdear/JavaWEB
110,coderbruis/JavaSourceCodeLearning,2776,2.78,0,https://github.com/coderbruis/JavaSourceCodeLearning
111,hamcrest/JavaHamcrest,2032,10.95,7,https://github.com/hamcrest/JavaHamcrest
112,wesbos/beginner-javascript,6051,3.79,0,https://github.com/wesbos/beginner-javascript
113,workshopper/javascripting,2697,8.45,0,https://github.com/workshopper/javascripting
114,Snailclimb/JavaGuide-Interview,1858,2.96,0,https://github.com/Snailclimb/JavaGuide-Interview
115,testcontainers/testcontainers-java,6896,7.92,61,https://github.com/testcontainers/testcontainers-java
116,getsentry/sentry-javascript,6933,11.11,369,https://github.com/getsentry/sentry-javascript
117,shopizer-ecommerce/shopizer,3009,10.31,18,https://github.com/shopizer-ecommerce/shopizer
118,mgechev/javascript-algorithms,7640,10.32,0,https://github.com/mgechev/javascript-algorithms
119,GitbookIO/javascript,3145,8.96,0,https://github.com/GitbookIO/javascript
120,h2pl/Java-Tutorial,5811,4.87,0,https://github.com/h2pl/Java-Tutorial
121,JavaCourse00/JavaCourseCodes,590,2.38,0,https://github.com/JavaCourse00/JavaCourseCodes
122,code4craft/webmagic,10757,9.89,23,https://github.com/code4craft/webmagic
123,go-cqhttp/java,174,5.37,0,https://github.com/go-cqhttp/java
124,gzc426/Java-Interview,5796,4.01,0,https://github.com/gzc426/Java-Interview
125,michaelliao/learn-javascript,1667,7.6,0,https://github.com/michaelliao/learn-javascript
126,idaSmilence/javaDesign,880,1.91,0,https://github.com/idaSmilence/javaDesign
127,john-smilga/javascript-basic-projects,2993,3.32,0,https://github.com/john-smilga/javascript-basic-projects
128,enhorse/java-interview,3769,5.85,0,https://github.com/enhorse/java-interview
129,itwanger/toBeBetterJavaer,7340,4.35,0,https://github.com/itwanger/toBeBetterJavaer
130,scribejava/scribejava,5336,12.52,9,https://github.com/scribejava/scribejava
131,aws/aws-sdk-java,3910,12.98,0,https://github.com/aws/aws-sdk-java
132,brianway/java-learning,4101,7.09,0,https://github.com/brianway/java-learning
133,jobbole/awesome-javascript-cn,7447,7.36,0,https://github.com/jobbole/awesome-javascript-cn
134,jboss-javassist/javassist,3782,9.81,21,https://github.com/jboss-javassist/javassist
135,javalin/javalin,6373,5.95,0,https://github.com/javalin/javalin
136,Blankj/awesome-java-leetcode,8514,5.91,0,https://github.com/Blankj/awesome-java-leetcode
137,javamelody/javamelody,2782,7.73,46,https://github.com/javamelody/javamelody
138,mercyblitz/jsr,1979,5.64,0,https://github.com/mercyblitz/jsr
139,CL0610/Java-concurrency,4030,4.87,0,https://github.com/CL0610/Java-concurrency
140,querydsl/querydsl,4177,11.61,34,https://github.com/querydsl/querydsl
141,querydsl/querydsl,4177,11.61,34,https://github.com/querydsl/querydsl
142,crisxuan/bestJavaer,5047,2.78,0,https://github.com/crisxuan/bestJavaer
143,braziljs/eloquente-javascript,4711,9.19,0,https://github.com/braziljs/eloquente-javascript
144,da2k/curso-javascript-ninja,2253,8.07,0,https://github.com/da2k/curso-javascript-ninja
145,javagrowing/JGrowing,4415,4.05,0,https://github.com/javagrowing/JGrowing
146,apache/pinot,4458,8.82,16,https://github.com/apache/pinot
147,gsjqwyl/JavaInterview,1208,3.02,0,https://github.com/gsjqwyl/JavaInterview
148,in28minutes/JavaInterviewQuestionsAndAnswers,743,7.11,0,https://github.com/in28minutes/JavaInterviewQuestionsAndAnswers
149,qiyuangong/leetcode,4716,6.99,0,https://github.com/qiyuangong/leetcode
150,kevinsawicki/http-request,3295,11.39,0,https://github.com/kevinsawicki/http-request
151,junit-team/junit4,8416,14.17,13,https://github.com/junit-team/junit4
152,bytedeco/javacpp,4065,8.9,9,https://github.com/bytedeco/javacpp
153,tronprotocol/java-tron,3289,5.22,71,https://github.com/tronprotocol/java-tron
154,Seazean/JavaNote,883,1.97,0,https://github.com/Seazean/JavaNote
155,hellokaton/learn-java8,1326,5.1,0,https://github.com/hellokaton/learn-java8
156,quanke/think-in-java,2080,6.86,0,https://github.com/quanke/think-in-java
157,Beerkay/JavaMultiThreading,592,8.75,0,https://github.com/Beerkay/JavaMultiThreading
158,zxing/zxing,30763,11.42,29,https://github.com/zxing/zxing
159,mixi-inc/JavaScriptTraining,667,9.53,0,https://github.com/mixi-inc/JavaScriptTraining
160,youthlql/JavaYouth,903,2.4,0,https://github.com/youthlql/JavaYouth
161,ronmamo/reflections,4420,9.91,3,https://github.com/ronmamo/reflections
162,zero-to-mastery/javascript20-projects,608,2.72,0,https://github.com/zero-to-mastery/javascript20-projects
163,square/retrofit,41268,12.52,0,https://github.com/square/retrofit
164,hellokaton/30-seconds-of-java8,2226,5.12,0,https://github.com/hellokaton/30-seconds-of-java8
165,microsoft/PowerBI-JavaScript,939,7.46,8,https://github.com/microsoft/PowerBI-JavaScript
166,cloudfoundry/java-buildpack,422,9.85,107,https://github.com/cloudfoundry/java-buildpack
167,auth0/java-jwt,5147,9.02,43,https://github.com/auth0/java-jwt
168,kaushikgopal/RxJava-Android-Samples,7547,8.64,0,https://github.com/kaushikgopal/RxJava-Android-Samples
169,xbox1994/Java-Interview,3906,4.96,0,https://github.com/xbox1994/Java-Interview
170,patorjk/JavaScript-Snake,468,10.51,0,https://github.com/patorjk/JavaScript-Snake
171,bennadel/JavaScript-Demos,730,9.65,0,https://github.com/bennadel/JavaScript-Demos
172,GoogleCloudPlatform/java-docs-samples,1532,7.97,1,https://github.com/GoogleCloudPlatform/java-docs-samples
173,phishman3579/java-algorithms-implementation,4202,9.31,0,https://github.com/phishman3579/java-algorithms-implementation
174,Jstarfish/JavaKeeper,1583,3.53,0,https://github.com/Jstarfish/JavaKeeper
175,oldmanpushcart/greys-anatomy,3924,10.31,0,https://github.com/oldmanpushcart/greys-anatomy
176,humanwhocodes/computer-science-in-javascript,8762,13.92,0,https://github.com/humanwhocodes/computer-science-in-javascript
177,alibaba/p3c,28893,5.72,0,https://github.com/alibaba/p3c
178,happyfish100/fastdfs-client-java,1540,8.27,0,https://github.com/happyfish100/fastdfs-client-java
179,fabric8io/kubernetes-client,2893,7.68,94,https://github.com/fabric8io/kubernetes-client
180,sorenduan/awesome-java-books,5679,3.91,0,https://github.com/sorenduan/awesome-java-books
181,google/android-classyshark,7275,7.42,17,https://github.com/google/android-classyshark
182,giantray/stackoverflow-java-top-qa,5154,7.57,0,https://github.com/giantray/stackoverflow-java-top-qa
183,shishan100/Java-Interview-Advanced,3845,3.68,0,https://github.com/shishan100/Java-Interview-Advanced
184,cxxr/better-java,5761,8.86,0,https://github.com/cxxr/better-java
185,moquette-io/moquette,2090,8.45,8,https://github.com/moquette-io/moquette
186,VerbalExpressions/JavaVerbalExpressions,2589,9.64,9,https://github.com/VerbalExpressions/JavaVerbalExpressions
187,searchbox-io/Jest,2120,10.81,0,https://github.com/searchbox-io/Jest
188,blueimp/JavaScript-Canvas-to-Blob,1459,11.09,0,https://github.com/blueimp/JavaScript-Canvas-to-Blob
189,WebDevSimplified/Vanilla-JavaScript-Calculator,449,3.93,0,https://github.com/WebDevSimplified/Vanilla-JavaScript-Calculator
190,CleverProgrammers/JavaScript-Course-by-Clever-Programmer-,2160,0.77,0,https://github.com/CleverProgrammers/JavaScript-Course-by-Clever-Programmer-
191,RongleXie/java-books-collections,4467,5.02,0,https://github.com/RongleXie/java-books-collections
192,0opslab/opslabJutil,847,7.76,5,https://github.com/0opslab/opslabJutil
193,dunwu/javacore,2699,5.57,0,https://github.com/dunwu/javacore
194,dromara/hutool,25654,8.92,129,https://github.com/dromara/hutool
195,shekhargulati/java8-the-missing-tutorial,1566,7.32,0,https://github.com/shekhargulati/java8-the-missing-tutorial
196,ChinaLHR/JavaQuarkBBS,847,5.62,0,https://github.com/ChinaLHR/JavaQuarkBBS
197,wangdoc/javascript-tutorial,3582,5.22,0,https://github.com/wangdoc/javascript-tutorial
198,LinkedInLearning/javascript-essential-training-2832077,1270,2.41,0,https://github.com/LinkedInLearning/javascript-essential-training-2832077
199,byhieg/JavaTutorial,632,6.21,0,https://github.com/byhieg/JavaTutorial
200,DiUS/java-faker,4026,11.77,0,https://github.com/DiUS/java-faker
201,bcgit/bc-java,1890,9.79,0,https://github.com/bcgit/bc-java
202,gitblit-org/gitblit,2154,11.73,7,https://github.com/gitblit-org/gitblit
203,jakesgordon/javascript-state-machine,8455,11.78,0,https://github.com/jakesgordon/javascript-state-machine
204,Vedenin/useful-java-links,5471,7.08,0,https://github.com/Vedenin/useful-java-links
205,jacoco/jacoco,3553,10.68,44,https://github.com/jacoco/jacoco
206,javascript-tutorial/zh.javascript.info,7946,4.94,0,https://github.com/javascript-tutorial/zh.javascript.info
207,libgdx/libgdx,21225,10.59,9,https://github.com/libgdx/libgdx
208,gustavoguanabara/javascript,2469,3.01,0,https://github.com/gustavoguanabara/javascript
209,OpenFeign/feign,8678,9.71,28,https://github.com/OpenFeign/feign
210,AlbertoOlla/esercizi-di-programmazione-javascript,1246,6.57,0,https://github.com/AlbertoOlla/esercizi-di-programmazione-javascript
211,javadevjournal/javadevjournal,379,4.93,0,https://github.com/javadevjournal/javadevjournal
212,chenjiabing666/JavaFamily,575,2.25,0,https://github.com/chenjiabing666/JavaFamily
213,JustinSDK/JavaSE6Tutorial,922,9.28,0,https://github.com/JustinSDK/JavaSE6Tutorial
214,ben-manes/caffeine,13290,8.25,65,https://github.com/ben-manes/caffeine
215,mongodb/mongo-java-driver,2535,14.16,130,https://github.com/mongodb/mongo-java-driver
216,iamshaunjp/modern-javascript,1128,4.1,0,https://github.com/iamshaunjp/modern-javascript
217,Azure/azure-sdk-for-java,1808,11.27,1000,https://github.com/Azure/azure-sdk-for-java
218,open-telemetry/opentelemetry-java,1466,4.05,52,https://github.com/open-telemetry/opentelemetry-java
219,ithuangqing/java,111,4.76,0,https://github.com/ithuangqing/java
220,GoogleContainerTools/jib,12604,5.14,145,https://github.com/GoogleContainerTools/jib
221,loiane/javascript-datastructures-algorithms,4052,8.81,0,https://github.com/loiane/javascript-datastructures-algorithms
222,engindemirog/javaScriptStarterKit,330,1.81,0,https://github.com/engindemirog/javaScriptStarterKit
223,crossbario/autobahn-java,1491,11.48,7,https://github.com/crossbario/autobahn-java
224,NanoHttpd/nanohttpd,6549,10.59,3,https://github.com/NanoHttpd/nanohttpd
225,hellokaton/java-bible,2979,7.5,0,https://github.com/hellokaton/java-bible
226,iamshaunjp/JavaScript-DOM-Tutorial,299,5.6,0,https://github.com/iamshaunjp/JavaScript-DOM-Tutorial
227,socketio/socket.io-client-java,5085,9.88,5,https://github.com/socketio/socket.io-client-java
228,yasserg/crawler4j,4368,11.2,3,https://github.com/yasserg/crawler4j
229,kubernetes-client/javascript,1623,5.88,11,https://github.com/kubernetes-client/javascript
230,dahuoyzs/javapdf,1735,2.87,0,https://github.com/dahuoyzs/javapdf
231,phith0n/JavaThings,1247,2.65,0,https://github.com/phith0n/JavaThings
232,qos-ch/slf4j,2102,13.57,0,https://github.com/qos-ch/slf4j
233,aliyun/aliyun-openapi-java-sdk,1342,7.64,0,https://github.com/aliyun/aliyun-openapi-java-sdk
234,bytedeco/javacpp-presets,2323,8.9,9,https://github.com/bytedeco/javacpp-presets
235,coodict/javascript-in-one-pic,6685,7.72,0,https://github.com/coodict/javascript-in-one-pic
236,spring-projects/spring-boot,66094,10.4,163,https://github.com/spring-projects/spring-boot
237,lzyzsd/Awesome-RxJava,4834,7.7,0,https://github.com/lzyzsd/Awesome-RxJava
238,ScottOaks/JavaPerformanceTuning,624,9.0,0,https://github.com/ScottOaks/JavaPerformanceTuning
239,prometheus/client_java,1933,10.11,34,https://github.com/prometheus/client_java
240,zeromq/jeromq,2189,10.62,0,https://github.com/zeromq/jeromq
241,hub4j/github-api,983,12.9,44,https://github.com/hub4j/github-api
242,amitshekhariitbhu/from-java-to-kotlin,5863,5.82,0,https://github.com/amitshekhariitbhu/from-java-to-kotlin
243,jenv/jenv,4749,10.13,4,https://github.com/jenv/jenv
244,yeungon/In-JavaScript-we-trust,1304,3.58,0,https://github.com/yeungon/In-JavaScript-we-trust
245,aimacode/aima-java,1467,8.01,3,https://github.com/aimacode/aima-java
246,Asabeneh/JavaScript-for-Everyone,847,4.06,0,https://github.com/Asabeneh/JavaScript-for-Everyone
247,datastax/java-driver,1285,10.31,13,https://github.com/datastax/java-driver
248,otale/tale,4830,6.05,9,https://github.com/otale/tale
249,SuperMap/iClient-JavaScript,742,5.6,22,https://github.com/SuperMap/iClient-JavaScript
250,RichardWarburton/java-8-lambdas-exercises,1772,9.09,0,https://github.com/RichardWarburton/java-8-lambdas-exercises
251,dcm4che/dcm4che,981,12.5,49,https://github.com/dcm4che/dcm4che
252,rengwuxian/RxJavaSamples,3963,6.97,3,https://github.com/rengwuxian/RxJavaSamples
253,addthis/stream-lib,2241,12.0,0,https://github.com/addthis/stream-lib
254,google/google-api-javascript-client,2668,8.26,0,https://github.com/google/google-api-javascript-client
255,BruceEckel/OnJava8-Examples,2723,7.9,3,https://github.com/BruceEckel/OnJava8-Examples
256,tobato/FastDFS_Client,1458,7.21,0,https://github.com/tobato/FastDFS_Client
257,Kong/unirest-java,2414,11.92,33,https://github.com/Kong/unirest-java
258,notnoop/java-apns,1783,13.33,5,https://github.com/notnoop/java-apns
259,rabbitmq/rabbitmq-java-client,1140,12.48,177,https://github.com/rabbitmq/rabbitmq-java-client
260,hnasr/javascript_playground,875,4.03,0,https://github.com/hnasr/javascript_playground
261,caoxinyu/RedisClient,2376,8.84,4,https://github.com/caoxinyu/RedisClient
262,in28minutes/JavaWebApplicationStepByStep,495,7.23,0,https://github.com/in28minutes/JavaWebApplicationStepByStep
263,javascript-tutorial/ru.javascript.info,3403,4.27,0,https://github.com/javascript-tutorial/ru.javascript.info
264,CodingDocs/advanced-programmer,2632,3.93,0,https://github.com/CodingDocs/advanced-programmer
265,apereo/java-cas-client,844,11.02,16,https://github.com/apereo/java-cas-client
266,soot-oss/soot,2530,10.73,1,https://github.com/soot-oss/soot
267,ZhongFuCheng3y/athena,17709,4.39,0,https://github.com/ZhongFuCheng3y/athena
268,jtablesaw/tablesaw,3169,7.2,79,https://github.com/jtablesaw/tablesaw
269,WritingMinds/ffmpeg-android-java,3227,8.51,8,https://github.com/WritingMinds/ffmpeg-android-java
270,vdurmont/emoji-java,2518,8.48,19,https://github.com/vdurmont/emoji-java
271,msgpack/msgpack-java,1337,11.71,1,https://github.com/msgpack/msgpack-java
272,dorey/JavaScript-Equality-Table,1191,12.11,0,https://github.com/dorey/JavaScript-Equality-Table
273,JavaInterviewHub/JavaInterview,479,2.09,0,https://github.com/JavaInterviewHub/JavaInterview
274,googleapis/google-cloud-java,1706,8.36,438,https://github.com/googleapis/google-cloud-java
275,Y4tacker/JavaSec,895,1.4,0,https://github.com/Y4tacker/JavaSec
276,amitshekhariitbhu/RxJava2-Android-Samples,4967,6.55,0,https://github.com/amitshekhariitbhu/RxJava2-Android-Samples
277,android-async-http/android-async-http,10645,12.06,3,https://github.com/android-async-http/android-async-http
278,eclipsesource/J2V8,2346,8.61,0,https://github.com/eclipsesource/J2V8
279,appium/java-client,1044,8.94,57,https://github.com/appium/java-client
280,influxdata/influxdb-java,1116,8.87,1,https://github.com/influxdata/influxdb-java
281,rsocket/rsocket-java,2248,7.69,85,https://github.com/rsocket/rsocket-java
282,anbang/javascript-notes,2180,6.57,0,https://github.com/anbang/javascript-notes
283,square/java-code-styles,2923,9.92,0,https://github.com/square/java-code-styles
284,bethrobson/Head-First-JavaScript-Programming,413,9.99,0,https://github.com/bethrobson/Head-First-JavaScript-Programming
285,elastic/elasticsearch,63025,13.1,108,https://github.com/elastic/elasticsearch
286,open-android/Android,13089,6.07,0,https://github.com/open-android/Android
287,CSPF-Founder/JavaVulnerableLab,211,8.18,1,https://github.com/CSPF-Founder/JavaVulnerableLab
288,egzosn/pay-java-parent,2309,6.82,21,https://github.com/egzosn/pay-java-parent
289,onblog/JavaMonitor,493,4.33,4,https://github.com/onblog/JavaMonitor
290,sadanandpai/javascript-code-challenges,3569,2.31,0,https://github.com/sadanandpai/javascript-code-challenges
291,WebDevSimplified/Face-Recognition-JavaScript,207,3.81,0,https://github.com/WebDevSimplified/Face-Recognition-JavaScript
292,echoTheLiar/JavaCodeAcc,579,5.98,0,https://github.com/echoTheLiar/JavaCodeAcc
293,redis/jedis,10960,12.76,74,https://github.com/redis/jedis
294,exercism/javascript,429,8.91,0,https://github.com/exercism/javascript
295,natural/java2python,531,11.12,0,https://github.com/natural/java2python
296,rybalkinsd/atom,310,6.48,0,https://github.com/rybalkinsd/atom
297,yangfuhai/ASimpleCache,3667,9.63,0,https://github.com/yangfuhai/ASimpleCache
298,soumyadip007/Java-JavaFx-Swing-Projects-Desktop-Application-GUI-Software,398,4.39,0,https://github.com/soumyadip007/Java-JavaFx-Swing-Projects-Desktop-Application-GUI-Software
299,CoderLeixiaoshuai/java-eight-part,3358,2.41,0,https://github.com/CoderLeixiaoshuai/java-eight-part
300,aliyun/aliyun-oss-java-sdk,1124,7.62,41,https://github.com/aliyun/aliyun-oss-java-sdk
301,helidon-io/helidon,2974,4.55,70,https://github.com/helidon-io/helidon
302,pangloss/vim-javascript,3772,13.54,11,https://github.com/pangloss/vim-javascript
303,googlemaps/google-maps-services-java,1589,8.58,53,https://github.com/googlemaps/google-maps-services-java
304,scrimba/learn-javascript,457,1.82,0,https://github.com/scrimba/learn-javascript
305,woowacourse-precourse/java-onboarding,111,0.41,0,https://github.com/woowacourse-precourse/java-onboarding
306,learning-zone/javascript-basics,1451,4.02,0,https://github.com/learning-zone/javascript-basics
307,binarywang/weixin-java-mp-demo,1652,6.38,0,https://github.com/binarywang/weixin-java-mp-demo
308,Java-Edge/Java-Interview-Tutorial,2162,3.65,2,https://github.com/Java-Edge/Java-Interview-Tutorial
309,briandilley/jsonrpc4j,986,9.4,1,https://github.com/briandilley/jsonrpc4j
310,Pixabay/JavaScript-autoComplete,745,7.87,0,https://github.com/Pixabay/JavaScript-autoComplete
311,micromata/awesome-javascript-learning,4574,6.32,0,https://github.com/micromata/awesome-javascript-learning
312,SonarSource/sonar-java,996,10.52,87,https://github.com/SonarSource/sonar-java
313,EleTeam/Shop-for-JavaWeb,371,7.01,0,https://github.com/EleTeam/Shop-for-JavaWeb
314,eclipse/paho.mqtt.java,1836,7.24,7,https://github.com/eclipse/paho.mqtt.java
315,fusesource/mqtt-client,1251,11.24,0,https://github.com/fusesource/mqtt-client
316,csxiaoyaojianxian/JavaScriptStudy,637,6.11,2,https://github.com/csxiaoyaojianxian/JavaScriptStudy
317,nanchen2251/RxJava2Examples,2855,5.74,0,https://github.com/nanchen2251/RxJava2Examples
318,Col-E/Recaf,4631,5.63,168,https://github.com/Col-E/Recaf
319,rovo89/XposedBridge,3668,10.95,0,https://github.com/rovo89/XposedBridge
320,stebsnusch/basecamp-javascript,751,1.9,0,https://github.com/stebsnusch/basecamp-javascript
321,shyiko/mysql-binlog-connector-java,2034,9.68,16,https://github.com/shyiko/mysql-binlog-connector-java
322,apache/servicecomb-java-chassis,1836,5.82,65,https://github.com/apache/servicecomb-java-chassis
323,pubnub/javascript,533,10.06,71,https://github.com/pubnub/javascript
324,KikiLetGo/VirusBroadcast,1650,3.11,0,https://github.com/KikiLetGo/VirusBroadcast
325,castello/javajungsuk3,311,5.07,0,https://github.com/castello/javajungsuk3
326,eclipse/eclipse.jdt.ls,1378,6.71,1,https://github.com/eclipse/eclipse.jdt.ls
327,j-easy/easy-rules,4328,10.01,10,https://github.com/j-easy/easy-rules
328,javaee-samples/javaee8-samples,365,8.44,0,https://github.com/javaee-samples/javaee8-samples
329,RudeCrab/rude-java,1063,3.07,0,https://github.com/RudeCrab/rude-java
330,OWASP-Benchmark/BenchmarkJava,528,7.93,4,https://github.com/OWASP-Benchmark/BenchmarkJava
331,javascript-tutorial/ko.javascript.info,1584,4.3,0,https://github.com/javascript-tutorial/ko.javascript.info
332,objectbox/objectbox-java,4151,6.14,35,https://github.com/objectbox/objectbox-java
333,jakesgordon/javascript-tetris,557,11.43,0,https://github.com/jakesgordon/javascript-tetris
334,frekele/oracle-java,1544,5.57,49,https://github.com/frekele/oracle-java
335,ipipman/JavaSpringBootSamples,643,2.26,0,https://github.com/ipipman/JavaSpringBootSamples
336,pf4j/pf4j,1957,10.43,0,https://github.com/pf4j/pf4j
337,javascript-society/javascript-path,3378,7.39,0,https://github.com/javascript-society/javascript-path
338,actions/setup-java,1048,3.68,29,https://github.com/actions/setup-java
339,hsiafan/apk-parser,1137,9.17,10,https://github.com/hsiafan/apk-parser
340,selenide/selenide,1655,11.1,115,https://github.com/selenide/selenide
341,Netflix/astyanax,1027,11.67,7,https://github.com/Netflix/astyanax
342,GrrrDog/Java-Deserialization-Cheat-Sheet,2745,7.05,0,https://github.com/GrrrDog/Java-Deserialization-Cheat-Sheet
343,pingan8787/Leo-JavaScript,861,5.38,0,https://github.com/pingan8787/Leo-JavaScript
344,apache/dubbo,38546,10.74,76,https://github.com/apache/dubbo
345,jbloch/effective-java-3e-source-code,3547,4.61,0,https://github.com/jbloch/effective-java-3e-source-code
346,cmusphinx/sphinx4,1343,8.94,0,https://github.com/cmusphinx/sphinx4
347,alibaba/jetcache,3817,5.92,62,https://github.com/alibaba/jetcache
348,jsquared21/Intro-to-Java-Programming,1069,7.79,0,https://github.com/jsquared21/Intro-to-Java-Programming
349,kubesphere/devops-java-sample,114,3.95,1,https://github.com/kubesphere/devops-java-sample
350,square/dagger,7292,10.61,0,https://github.com/square/dagger
351,agoncal/agoncal-book-javaee7,279,10.73,0,https://github.com/agoncal/agoncal-book-javaee7
352,wchaowu/javascript,648,9.6,0,https://github.com/wchaowu/javascript
353,mockito/mockito,13757,10.41,199,https://github.com/mockito/mockito
354,JeffLi1993/java-core-learning-example,1652,7.74,0,https://github.com/JeffLi1993/java-core-learning-example
355,JGPY/JavaGuideBooster,627,4.25,0,https://github.com/JGPY/JavaGuideBooster
356,redhat-developer/vscode-java,1829,6.59,47,https://github.com/redhat-developer/vscode-java
357,qiyaTech/javaCrawling,308,5.56,0,https://github.com/qiyaTech/javaCrawling
358,in28minutes/java-tutorial-for-beginners,788,3.91,0,https://github.com/in28minutes/java-tutorial-for-beginners
359,ErickWendel/semana-javascript-expert07,2417,0.04,0,https://github.com/ErickWendel/semana-javascript-expert07
360,vaadin/framework,1745,10.4,180,https://github.com/vaadin/framework
361,vaadin/framework,1745,10.4,180,https://github.com/vaadin/framework
362,ClickHouse/clickhouse-java,1182,6.66,26,https://github.com/ClickHouse/clickhouse-java
363,cosen1024/Java-Interview,1516,2.06,0,https://github.com/cosen1024/Java-Interview
364,AllThingsSmitty/must-watch-javascript,6919,8.64,0,https://github.com/AllThingsSmitty/must-watch-javascript
365,felipe-augusto/clean-code-javascript,3240,6.17,0,https://github.com/felipe-augusto/clean-code-javascript
366,Qbian61/forum-java,1219,2.29,0,https://github.com/Qbian61/forum-java
367,stanfordnlp/CoreNLP,8892,9.71,12,https://github.com/stanfordnlp/CoreNLP
368,TheoKanning/openai-java,1539,2.49,11,https://github.com/TheoKanning/openai-java
369,s4kibs4mi/java-developer-roadmap,3214,3.89,0,https://github.com/s4kibs4mi/java-developer-roadmap
370,coobird/thumbnailator,4560,7.64,0,https://github.com/coobird/thumbnailator
371,skyline75489/Heart-First-JavaWeb,825,5.22,0,https://github.com/skyline75489/Heart-First-JavaWeb
372,Viscent/javamtp,651,7.48,1,https://github.com/Viscent/javamtp
373,tcorral/Design-Patterns-in-Javascript,2538,11.48,0,https://github.com/tcorral/Design-Patterns-in-Javascript
374,HappySnailSunshine/JavaInterview,196,2.76,0,https://github.com/HappySnailSunshine/JavaInterview
375,CircleCI-Public/circleci-demo-javascript-express,130,5.88,0,https://github.com/CircleCI-Public/circleci-demo-javascript-express
376,amaembo/streamex,2036,7.93,2,https://github.com/amaembo/streamex
377,HackJava/HackJava,1735,1.68,0,https://github.com/HackJava/HackJava
378,projectlombok/lombok,11822,13.76,3,https://github.com/projectlombok/lombok
379,jamesqquick/Build-A-Quiz-App-With-HTML-CSS-and-JavaScript,527,4.13,0,https://github.com/jamesqquick/Build-A-Quiz-App-With-HTML-CSS-and-JavaScript
380,benoitvallon/computer-science-in-javascript,2607,7.08,0,https://github.com/benoitvallon/computer-science-in-javascript
381,AllenDowney/ThinkJavaCode,347,7.17,0,https://github.com/AllenDowney/ThinkJavaCode
382,tabulapdf/tabula-java,1520,8.81,10,https://github.com/tabulapdf/tabula-java
383,judasn/Linux-Tutorial,8031,7.34,0,https://github.com/judasn/Linux-Tutorial
384,kennymkchan/interview-questions-in-javascript,3455,7.0,0,https://github.com/kennymkchan/interview-questions-in-javascript
385,ruanwenjun/JAVAWeb-Project,617,5.04,0,https://github.com/ruanwenjun/JAVAWeb-Project
386,opentracing/opentracing-java,1668,7.23,4,https://github.com/opentracing/opentracing-java
387,eclipse/leshan,598,8.1,47,https://github.com/eclipse/leshan
388,arun-gupta/microservices,606,7.84,0,https://github.com/arun-gupta/microservices
389,shihyu/JavaScript,334,9.29,0,https://github.com/shihyu/JavaScript
390,hyperledger/fabric-sdk-java,1092,6.43,35,https://github.com/hyperledger/fabric-sdk-java
391,facebook/infer,13885,8.13,29,https://github.com/facebook/infer
392,watson-developer-cloud/java-sdk,582,7.87,109,https://github.com/watson-developer-cloud/java-sdk
393,matyb/java-koans,705,12.16,0,https://github.com/matyb/java-koans
394,in28minutes/java-a-course-for-beginners,869,5.13,0,https://github.com/in28minutes/java-a-course-for-beginners
395,line/line-bot-sdk-java,564,6.92,29,https://github.com/line/line-bot-sdk-java
396,jknack/handlebars.java,1364,10.8,9,https://github.com/jknack/handlebars.java
397,jakesgordon/javascript-racer,974,10.74,0,https://github.com/jakesgordon/javascript-racer
398,changmingxie/tcc-transaction,5590,7.27,6,https://github.com/changmingxie/tcc-transaction
399,functionaljava/functionaljava,1544,12.38,0,https://github.com/functionaljava/functionaljava
400,BafS/Java8-CheatSheet,472,7.74,0,https://github.com/BafS/Java8-CheatSheet
401,etcd-io/jetcd,971,6.65,3,https://github.com/etcd-io/jetcd
402,shekhargulati/strman-java,1357,6.86,0,https://github.com/shekhargulati/strman-java
403,kevinsawicki/github-maven-example,134,11.53,0,https://github.com/kevinsawicki/github-maven-example
404,eclipse-californium/californium,664,7.47,27,https://github.com/eclipse-californium/californium
405,singgel/JAVA_LINE,989,4.64,0,https://github.com/singgel/JAVA_LINE
406,Open-Bootcamp/JavaScript-Basico,194,0.85,0,https://github.com/Open-Bootcamp/JavaScript-Basico
407,zeromq/jzmq,579,13.04,0,https://github.com/zeromq/jzmq
408,googleapis/google-api-java-client,1202,8.38,55,https://github.com/googleapis/google-api-java-client
409,linkedin/parseq,1144,10.49,0,https://github.com/linkedin/parseq
410,heroku/java-getting-started,247,8.6,0,https://github.com/heroku/java-getting-started
411,SAML-Toolkits/java-saml,572,11.98,13,https://github.com/SAML-Toolkits/java-saml
412,pxb1988/dex2jar,10697,8.0,6,https://github.com/pxb1988/dex2jar
413,udacity/Just-Java,495,7.81,0,https://github.com/udacity/Just-Java
414,sl1673495/leetcode-javascript,1776,3.0,0,https://github.com/sl1673495/leetcode-javascript
415,breenmachine/JavaUnserializeExploits,133,7.35,0,https://github.com/breenmachine/JavaUnserializeExploits
416,javacc/javacc,1007,6.65,11,https://github.com/javacc/javacc
417,DomHeal/JavaFX-Chat,397,7.39,0,https://github.com/DomHeal/JavaFX-Chat
418,PacktPublishing/Learning-JavaScript-Data-Structures-and-Algorithms-Third-Edition,888,4.89,0,https://github.com/PacktPublishing/Learning-JavaScript-Data-Structures-and-Algorithms-Third-Edition
419,fanyong920/jvppeteer,521,3.01,14,https://github.com/fanyong920/jvppeteer
420,Backblaze/JavaReedSolomon,681,7.95,0,https://github.com/Backblaze/JavaReedSolomon
421,phoboslab/JavaScriptCore-iOS,675,10.28,0,https://github.com/phoboslab/JavaScriptCore-iOS
422,getsentry/sentry-java,929,11.1,153,https://github.com/getsentry/sentry-java
423,JosephZhu1983/java-common-mistakes,1296,3.11,0,https://github.com/JosephZhu1983/java-common-mistakes
424,sivan/javascript-style-guide,1986,7.81,0,https://github.com/sivan/javascript-style-guide
425,Cryin/JavaID,465,5.31,0,https://github.com/Cryin/JavaID
426,aliyun/api-gateway-demo-sign-java,365,6.96,0,https://github.com/aliyun/api-gateway-demo-sign-java
427,eson15/Javaweb_bookstore,657,7.28,0,https://github.com/eson15/Javaweb_bookstore
428,JoyChou93/java-sec-code,1913,5.22,3,https://github.com/JoyChou93/java-sec-code
429,wenweihu86/raft-java,1053,5.87,0,https://github.com/wenweihu86/raft-java
430,zaiyunduan123/Java-Summarize,1226,4.88,0,https://github.com/zaiyunduan123/Java-Summarize
431,stone0090/javascript-lessons,1662,7.13,0,https://github.com/stone0090/javascript-lessons
432,dain/leveldb,1464,11.64,0,https://github.com/dain/leveldb
433,mhrimaz/AwesomeJavaFX,2774,6.51,0,https://github.com/mhrimaz/AwesomeJavaFX
434,JAVA-000/JAVA-000,129,2.43,0,https://github.com/JAVA-000/JAVA-000
435,DreamCats/java-notes,1694,4.02,0,https://github.com/DreamCats/java-notes
436,EdwardRaff/JSAT,756,7.98,9,https://github.com/EdwardRaff/JSAT
437,radcortez/javaee7-angular,236,8.99,0,https://github.com/radcortez/javaee7-angular
438,zxiaofan/JavaBooks,302,4.67,0,https://github.com/zxiaofan/JavaBooks
439,fvarrui/JavaPackager,699,4.05,40,https://github.com/fvarrui/JavaPackager
440,qiniu/java-sdk,540,10.98,59,https://github.com/qiniu/java-sdk
441,BingKui/javascript-zh,1346,4.82,0,https://github.com/BingKui/javascript-zh
442,fvarrui/JavaPackager,699,4.05,40,https://github.com/fvarrui/JavaPackager
443,lzyzsd/JsBridge,9269,8.05,0,https://github.com/lzyzsd/JsBridge
444,huaban/jieba-analysis,2259,9.6,0,https://github.com/huaban/jieba-analysis
445,minio/minio-java,822,7.87,83,https://github.com/minio/minio-java
446,commonmark/commonmark-java,1944,7.65,33,https://github.com/commonmark/commonmark-java
447,vogellacompany/codeexamples-java,340,13.34,0,https://github.com/vogellacompany/codeexamples-java
448,menacher/java-game-server,1251,11.11,0,https://github.com/menacher/java-game-server
449,spullara/mustache.java,1781,12.86,0,https://github.com/spullara/mustache.java
450,javalite/javalite,809,9.79,6,https://github.com/javalite/javalite
451,timoxley/functional-javascript-workshop,2030,9.48,0,https://github.com/timoxley/functional-javascript-workshop
452,flexiondotorg/oab-java6,632,11.17,0,https://github.com/flexiondotorg/oab-java6
453,amejiarosario/dsa.js-data-structures-algorithms-javascript,7153,6.21,41,https://github.com/amejiarosario/dsa.js-data-structures-algorithms-javascript
454,tdebatty/java-string-similarity,2557,8.91,26,https://github.com/tdebatty/java-string-similarity
455,lenve/javaboy-code-samples,1227,3.85,0,https://github.com/lenve/javaboy-code-samples
456,EsotericSoftware/reflectasm,1401,9.35,5,https://github.com/EsotericSoftware/reflectasm
457,joeferner/node-java,1809,11.15,0,https://github.com/joeferner/node-java
458,awslabs/aws-serverless-java-container,1318,6.27,30,https://github.com/awslabs/aws-serverless-java-container
459,google/google-api-java-client-samples,733,8.14,0,https://github.com/google/google-api-java-client-samples
460,Jackson0714/PassJava-Platform,1887,2.94,0,https://github.com/Jackson0714/PassJava-Platform
461,hicf/JavaCore,431,4.41,0,https://github.com/hicf/JavaCore
462,bgrins/javascript-astar,1240,12.5,0,https://github.com/bgrins/javascript-astar
463,864381832/xJavaFxTool,1609,5.55,11,https://github.com/864381832/xJavaFxTool
464,open-telemetry/opentelemetry-java-instrumentation,1229,3.47,67,https://github.com/open-telemetry/opentelemetry-java-instrumentation
465,javaee/javamail,558,5.88,4,https://github.com/javaee/javamail
466,lz4/lz4-java,987,10.66,8,https://github.com/lz4/lz4-java
467,in28minutes/java-best-practices,1110,6.45,0,https://github.com/in28minutes/java-best-practices
468,iliakan/javascript-tutorial,743,8.38,0,https://github.com/iliakan/javascript-tutorial
469,geerlingguy/ansible-role-java,287,9.04,0,https://github.com/geerlingguy/ansible-role-java
470,signalapp/libsignal-protocol-java,1782,8.26,0,https://github.com/signalapp/libsignal-protocol-java
471,PansonPanson/Java-Notes,1493,4.97,0,https://github.com/PansonPanson/Java-Notes
472,Guardsquare/proguard,1876,3.97,22,https://github.com/Guardsquare/proguard
473,roeib/JavaScript-snippets,586,3.42,0,https://github.com/roeib/JavaScript-snippets
474,Innsmounth/JavaEBooks,173,4.94,0,https://github.com/Innsmounth/JavaEBooks
475,knightliao/disconf-demos-java,381,7.33,2,https://github.com/knightliao/disconf-demos-java
476,Froussios/Intro-To-RxJava,2046,7.97,0,https://github.com/Froussios/Intro-To-RxJava
477,quanke/design-pattern-java,709,6.88,0,https://github.com/quanke/design-pattern-java
478,vsch/flexmark-java,1927,7.14,0,https://github.com/vsch/flexmark-java
479,square/okhttp,43684,10.64,0,https://github.com/square/okhttp
480,swagger-api/swagger-parser,656,8.9,103,https://github.com/swagger-api/swagger-parser
481,pedroSG94/rtmp-rtsp-stream-client-java,1971,6.14,122,https://github.com/pedroSG94/rtmp-rtsp-stream-client-java
482,pedant/safe-java-js-webview-bridge,2435,8.69,1,https://github.com/pedant/safe-java-js-webview-bridge
483,JodaOrg/joda-time,4874,11.83,42,https://github.com/JodaOrg/joda-time
484,aws/aws-sdk-java-v2,1692,5.72,0,https://github.com/aws/aws-sdk-java-v2
485,aadsm/JavaScript-ID3-Reader,549,12.91,0,https://github.com/aadsm/JavaScript-ID3-Reader
486,elastic/apm-agent-java,527,5.08,59,https://github.com/elastic/apm-agent-java
487,AlbertoMontalesi/The-complete-guide-to-modern-JavaScript,1021,4.89,8,https://github.com/AlbertoMontalesi/The-complete-guide-to-modern-JavaScript
488,rest-assured/rest-assured,6285,12.4,0,https://github.com/rest-assured/rest-assured
489,konohiroaki/java8-code-kata,138,7.74,0,https://github.com/konohiroaki/java8-code-kata
490,careercup/CtCI-6th-Edition-JavaScript-ES2015,804,7.06,0,https://github.com/careercup/CtCI-6th-Edition-JavaScript-ES2015
491,loiane/curso-java-basico,777,9.52,0,https://github.com/loiane/curso-java-basico
492,yhy0/ExpDemo-JavaFX,518,1.97,0,https://github.com/yhy0/ExpDemo-JavaFX
493,mcxiaoke/minicat,682,9.8,13,https://github.com/mcxiaoke/minicat
494,pires/obd-java-api,563,9.48,0,https://github.com/pires/obd-java-api
495,iwannarun/JavaWiki,373,6.38,0,https://github.com/iwannarun/JavaWiki
496,Maskhe/javasec,1045,3.57,0,https://github.com/Maskhe/javasec
497,xjjdog/javaok,955,3.67,0,https://github.com/xjjdog/javaok
498,xuwujing/java-study,1054,4.48,0,https://github.com/xuwujing/java-study
499,Hacker233/JavaScript,248,5.59,0,https://github.com/Hacker233/JavaScript
500,anxpp/JavaDesignPattern,227,6.9,0,https://github.com/anxpp/JavaDesignPattern
501,anxpp/JavaDesignPattern,227,6.9,0,https://github.com/anxpp/JavaDesignPattern
502,kungfoo/geohash-java,935,14.21,0,https://github.com/kungfoo/geohash-java
503,cod3rcursos/curso-java,935,3.56,0,https://github.com/cod3rcursos/curso-java
504,OfficeDev/ews-java-api,842,8.55,0,https://github.com/OfficeDev/ews-java-api
505,google/conscrypt,1122,6.25,0,https://github.com/google/conscrypt
506,yahoo/serialize-javascript,2661,8.49,22,https://github.com/yahoo/serialize-javascript
507,googleapis/google-http-java-client,1312,8.18,46,https://github.com/googleapis/google-http-java-client
508,vipshop/vjtools,7438,4.79,9,https://github.com/vipshop/vjtools
509,Viscent/javamtia,437,5.94,0,https://github.com/Viscent/javamtia
510,peterarsentev/games_oop_javafx,130,4.89,0,https://github.com/peterarsentev/games_oop_javafx
511,peter-lawrey/Java-Chronicle,1222,11.18,0,https://github.com/peter-lawrey/Java-Chronicle
512,MorphiaOrg/morphia,1588,9.89,59,https://github.com/MorphiaOrg/morphia
513,liyuechun/JavaScript30-liyuechun,311,5.66,0,https://github.com/liyuechun/JavaScript30-liyuechun
514,codesONLY/JavaScriptONLY,366,2.22,0,https://github.com/codesONLY/JavaScriptONLY
515,lvminghui/Java-Notes,955,3.1,0,https://github.com/lvminghui/Java-Notes
516,javastacks/javastack,641,4.18,0,https://github.com/javastacks/javastack
517,jammy928/CoinExchange_CryptoExchange_Java,872,2.97,0,https://github.com/jammy928/CoinExchange_CryptoExchange_Java
518,TALKDATA/JavaBigData,424,4.15,0,https://github.com/TALKDATA/JavaBigData
519,stripe/stripe-java,650,11.6,598,https://github.com/stripe/stripe-java
520,wangzheng0822/ratelimiter4j,896,4.68,0,https://github.com/wangzheng0822/ratelimiter4j
521,eclipse/paho.mqtt.javascript,1060,7.24,1,https://github.com/eclipse/paho.mqtt.javascript
522,sendgrid/sendgrid-java,450,9.56,58,https://github.com/sendgrid/sendgrid-java
523,jfaster/mango,915,9.31,0,https://github.com/jfaster/mango
524,ulid/javascript,2238,6.75,7,https://github.com/ulid/javascript
525,AsyncHttpClient/async-http-client,6075,12.02,0,https://github.com/AsyncHttpClient/async-http-client
526,twilio/twilio-java,418,13.49,203,https://github.com/twilio/twilio-java
527,artur-shaik/vim-javacomplete2,987,7.81,10,https://github.com/artur-shaik/vim-javacomplete2
528,yrojha4ever/JavaStud,269,7.53,0,https://github.com/yrojha4ever/JavaStud
529,lxj/javascript.patterns,335,11.48,0,https://github.com/lxj/javascript.patterns
530,pengrad/java-telegram-bot-api,1374,7.61,57,https://github.com/pengrad/java-telegram-bot-api
531,vladmihalcea/high-performance-java-persistence,1112,7.41,0,https://github.com/vladmihalcea/high-performance-java-persistence
532,cn-panda/JavaCodeAudit,680,3.3,0,https://github.com/cn-panda/JavaCodeAudit
533,wsieroci/audio-recognizer,655,10.81,0,https://github.com/wsieroci/audio-recognizer
534,actions/javascript-action,730,3.51,2,https://github.com/actions/javascript-action
535,apache/skywalking-java,484,1.55,7,https://github.com/apache/skywalking-java
536,superhj1987/pragmatic-java-engineer,1256,5.61,0,https://github.com/superhj1987/pragmatic-java-engineer
537,lenve/javadoc,682,2.31,0,https://github.com/lenve/javadoc
538,dunwu/java-tutorial,1466,5.29,0,https://github.com/dunwu/java-tutorial
539,sensorsdata/sa-sdk-javascript,765,7.35,207,https://github.com/sensorsdata/sa-sdk-javascript
540,amplitude/Amplitude-JavaScript,294,10.17,123,https://github.com/amplitude/Amplitude-JavaScript
541,amplitude/Amplitude-JavaScript,294,10.17,123,https://github.com/amplitude/Amplitude-JavaScript
542,SummerSec/JavaLearnVulnerability,734,2.89,1,https://github.com/SummerSec/JavaLearnVulnerability
543,RoaringBitmap/RoaringBitmap,3001,9.74,9,https://github.com/RoaringBitmap/RoaringBitmap
544,google/auto,10046,9.81,57,https://github.com/google/auto
545,Basir-PD/100-Projects-HTML-CSS-JavaScript,206,2.27,0,https://github.com/Basir-PD/100-Projects-HTML-CSS-JavaScript
546,hierynomus/sshj,2258,13.04,0,https://github.com/hierynomus/sshj
547,naveenanimation20/PageObjectModel,435,5.47,0,https://github.com/naveenanimation20/PageObjectModel
548,JabRef/jabref,2927,9.01,37,https://github.com/JabRef/jabref
549,MartinChavez/Javascript,894,7.91,1,https://github.com/MartinChavez/Javascript
550,zarocknz/javascript-winwheel,474,7.03,7,https://github.com/zarocknz/javascript-winwheel
551,chihungyu1116/leetcode-javascript,836,7.65,0,https://github.com/chihungyu1116/leetcode-javascript
552,apache/datasketches-java,807,7.71,48,https://github.com/apache/datasketches-java
553,waylau/distributed-java,348,7.16,0,https://github.com/waylau/distributed-java
554,ta4j/ta4j,1718,5.5,2,https://github.com/ta4j/ta4j
555,signalapp/libsignal-protocol-javascript,1973,6.77,1,https://github.com/signalapp/libsignal-protocol-javascript
556,jjenkov/java-nio-server,889,7.41,0,https://github.com/jjenkov/java-nio-server
557,Javacord/Javacord,651,7.2,19,https://github.com/Javacord/Javacord
558,jenkinsci/java-client-api,871,10.32,0,https://github.com/jenkinsci/java-client-api
559,oneinstack/oneinstack,2198,7.75,6,https://github.com/oneinstack/oneinstack
560,tylermcginnis/Modern-JavaScript-Curriculum,107,7.04,0,https://github.com/tylermcginnis/Modern-JavaScript-Curriculum
561,JetBrains/skija,2553,2.94,0,https://github.com/JetBrains/skija
562,sohamkamani/javascript-design-patterns-for-humans,3411,6.06,0,https://github.com/sohamkamani/javascript-design-patterns-for-humans
563,bradtraversy/javascript_cardio,490,5.07,0,https://github.com/bradtraversy/javascript_cardio
564,ElzeroWebSchool/JavaScript_Bootcamp,522,2.03,0,https://github.com/ElzeroWebSchool/JavaScript_Bootcamp
565,agoncal/agoncal-application-petstore-ee7,192,9.83,0,https://github.com/agoncal/agoncal-application-petstore-ee7
566,firebase/firebase-admin-java,454,6.0,17,https://github.com/firebase/firebase-admin-java
567,typetools/checker-framework,896,7.7,98,https://github.com/typetools/checker-framework
568,lenve/CoolMeeting,728,5.56,0,https://github.com/lenve/CoolMeeting
569,ults-io/vscode-react-javascript-snippets,1312,5.77,0,https://github.com/ults-io/vscode-react-javascript-snippets
570,anshooarora/extentreports-java,525,8.1,0,https://github.com/anshooarora/extentreports-java
571,caveofprogramming/java-beginners,498,6.73,0,https://github.com/caveofprogramming/java-beginners
572,priya42bagde/JavaScriptCodingInterviewQuestions,309,1.71,0,https://github.com/priya42bagde/JavaScriptCodingInterviewQuestions
573,mafudge/LearnJava,373,9.63,0,https://github.com/mafudge/LearnJava
574,web3j/web3j,4540,6.52,101,https://github.com/web3j/web3j
575,WebDevSimplified/JavaScript-Quiz-App,148,3.76,0,https://github.com/WebDevSimplified/JavaScript-Quiz-App
576,FasterXML/jackson-modules-java8,380,6.36,0,https://github.com/FasterXML/jackson-modules-java8
577,NLPchina/Word2VEC_java,669,9.41,0,https://github.com/NLPchina/Word2VEC_java
578,andersontr15/clean-code-javascript-es,1444,6.07,0,https://github.com/andersontr15/clean-code-javascript-es
579,coderzcr/JavaWeb-Project-Source-Share,723,2.96,0,https://github.com/coderzcr/JavaWeb-Project-Source-Share
580,firebase/geofire-java,670,8.67,13,https://github.com/firebase/geofire-java
581,OpenHFT/Java-Thread-Affinity,1595,9.48,25,https://github.com/OpenHFT/Java-Thread-Affinity
582,HariAcidReign/JavaScript-A-Z-Notes,359,2.17,1,https://github.com/HariAcidReign/JavaScript-A-Z-Notes
583,leonidlebedev/javascript-airbnb,842,6.24,0,https://github.com/leonidlebedev/javascript-airbnb
584,HugoMatilla/Effective-JAVA-Summary,1249,7.3,0,https://github.com/HugoMatilla/Effective-JAVA-Summary
585,mjavascript/practical-modern-javascript,3069,6.53,0,https://github.com/mjavascript/practical-modern-javascript
586,binarywang/weixin-java-pay-demo,788,6.03,0,https://github.com/binarywang/weixin-java-pay-demo
587,TongOS/JavaBookClub,431,3.56,0,https://github.com/TongOS/JavaBookClub
588,superblaubeere27/obfuscator,689,4.85,15,https://github.com/superblaubeere27/obfuscator
589,joaomatosf/JavaDeserH2HC,452,5.51,0,https://github.com/joaomatosf/JavaDeserH2HC
590,Gottox/socket.io-java-client,945,11.23,0,https://github.com/Gottox/socket.io-java-client
591,4thline/cling,1585,11.5,5,https://github.com/4thline/cling
592,biblelamp/JavaExercises,133,6.71,0,https://github.com/biblelamp/JavaExercises
593,TIBCOSoftware/jasperreports,756,6.52,26,https://github.com/TIBCOSoftware/jasperreports
594,mjavascript/mastering-modular-javascript,4004,6.1,0,https://github.com/mjavascript/mastering-modular-javascript
595,GoogleCloudPlatform/getting-started-java,473,7.34,0,https://github.com/GoogleCloudPlatform/getting-started-java
596,czwbig/Tmall_JavaEE,268,4.34,0,https://github.com/czwbig/Tmall_JavaEE
597,joaopsilva/binance-java-api,191,5.4,0,https://github.com/joaopsilva/binance-java-api
598,mikemelon/java-exam,590,6.34,0,https://github.com/mikemelon/java-exam
599,CodeExplainedRepo/FlappyBird-JavaScript,113,4.61,0,https://github.com/CodeExplainedRepo/FlappyBird-JavaScript
600,wmixvideo/nfe,590,9.62,76,https://github.com/wmixvideo/nfe
601,PebbleTemplates/pebble,1008,10.21,60,https://github.com/PebbleTemplates/pebble
602,AlmasB/FXGL,3074,7.98,55,https://github.com/AlmasB/FXGL
603,gwhalin/Memcached-Java-Client,666,13.77,0,https://github.com/gwhalin/Memcached-Java-Client
604,igniterealtime/Smack,2322,9.11,0,https://github.com/igniterealtime/Smack
605,kivy/pyjnius,1284,10.58,12,https://github.com/kivy/pyjnius
606,paypal/PayPal-Java-SDK,512,10.02,21,https://github.com/paypal/PayPal-Java-SDK
607,bethrobson/Head-First-Java,489,7.66,0,https://github.com/bethrobson/Head-First-Java
608,stateless4j/stateless4j,789,8.94,0,https://github.com/stateless4j/stateless4j
609,jpush/jpush-api-java-client,708,9.41,54,https://github.com/jpush/jpush-api-java-client
610,ThiagoDellaNoce/javascript4noobs,843,2.96,0,https://github.com/ThiagoDellaNoce/javascript4noobs
611,progranism/Bitcoin-JavaScript-Miner,196,11.94,0,https://github.com/progranism/Bitcoin-JavaScript-Miner
612,albertlatacz/java-repl,1344,9.98,74,https://github.com/albertlatacz/java-repl
613,marhan/effective-java-examples,567,12.05,0,https://github.com/marhan/effective-java-examples
614,cucumber/cucumber-java-skeleton,394,9.01,0,https://github.com/cucumber/cucumber-java-skeleton
615,googleworkspace/java-samples,270,8.87,0,https://github.com/googleworkspace/java-samples
616,arun-gupta/docker-for-java,215,6.09,0,https://github.com/arun-gupta/docker-for-java
617,pen4uin/awesome-java-security,888,1.35,0,https://github.com/pen4uin/awesome-java-security
618,luontola/retrolambda,3542,9.65,0,https://github.com/luontola/retrolambda
619,davidflanagan/javascript6_examples,287,11.89,0,https://github.com/davidflanagan/javascript6_examples
620,Grover-c13/PokeGOAPI-Java,1056,6.66,2,https://github.com/Grover-c13/PokeGOAPI-Java
621,daniellidg/javascript-knowhow,945,5.13,0,https://github.com/daniellidg/javascript-knowhow
622,TNG/ArchUnit,2601,5.9,33,https://github.com/TNG/ArchUnit
623,shyiko/jabba,2573,6.97,25,https://github.com/shyiko/jabba
624,mattia-battiston/clean-architecture-example,1459,7.01,0,https://github.com/mattia-battiston/clean-architecture-example
625,hadyang/interview,4481,6.55,0,https://github.com/hadyang/interview
626,Storyyeller/Krakatau,1712,10.4,0,https://github.com/Storyyeller/Krakatau
627,PlexPt/chatgpt-java,1029,0.27,8,https://github.com/PlexPt/chatgpt-java
628,niranjan94/show-java,735,7.96,15,https://github.com/niranjan94/show-java
629,gopinathankm/Java-Training-2018,219,4.95,0,https://github.com/gopinathankm/Java-Training-2018
630,tranleduy2000/javaide,458,5.66,18,https://github.com/tranleduy2000/javaide
631,wangzaiplus/springboot,339,3.81,0,https://github.com/wangzaiplus/springboot
632,ziye888/JavaScript,140,1.97,0,https://github.com/ziye888/JavaScript
633,dmpe/JavaFX,214,10.08,0,https://github.com/dmpe/JavaFX
634,PacktPublishing/Java-Coding-Problems,573,4.05,0,https://github.com/PacktPublishing/Java-Coding-Problems
635,maxliaops/Java_Web_Examples,570,8.89,0,https://github.com/maxliaops/Java_Web_Examples
636,CodeExplainedRepo/Weather-App-JavaScript,149,3.82,0,https://github.com/CodeExplainedRepo/Weather-App-JavaScript
637,LjyYano/Thinking_in_Java_MindMapping,1425,5.5,0,https://github.com/LjyYano/Thinking_in_Java_MindMapping
638,jzj1993/JavaTcpSocket,201,8.06,0,https://github.com/jzj1993/JavaTcpSocket
639,jscomplete/learn-fullstack-javascript,425,6.48,0,https://github.com/jscomplete/learn-fullstack-javascript
640,developerforce/Force.com-JavaScript-REST-Toolkit,316,11.96,0,https://github.com/developerforce/Force.com-JavaScript-REST-Toolkit
641,xerial/snappy-java,939,10.52,18,https://github.com/xerial/snappy-java
642,jOOQ/jOOQ,5350,11.91,0,https://github.com/jOOQ/jOOQ
643,dropbox/dropbox-sdk-java,552,9.71,37,https://github.com/dropbox/dropbox-sdk-java
644,c2nes/javalang,612,10.45,2,https://github.com/c2nes/javalang
645,HotswapProjects/HotswapAgent,1961,9.31,14,https://github.com/HotswapProjects/HotswapAgent
646,gousiosg/java-callgraph,657,11.8,0,https://github.com/gousiosg/java-callgraph
647,LeonardoZ/java-concurrency-patterns,1373,5.17,0,https://github.com/LeonardoZ/java-concurrency-patterns
648,thinkswell/javascript-mini-projects,510,2.43,0,https://github.com/thinkswell/javascript-mini-projects
649,dingwpmz/JavaLadder,348,1.96,0,https://github.com/dingwpmz/JavaLadder
650,Progether/JAdventure,294,10.46,1,https://github.com/Progether/JAdventure
651,sahandghavidel/HTML-CSS-JavaScript-projects-for-beginners,345,1.21,0,https://github.com/sahandghavidel/HTML-CSS-JavaScript-projects-for-beginners
652,wycats/javascript-decorators,2395,8.02,0,https://github.com/wycats/javascript-decorators
653,agoncal/agoncal-application-petstore-ee6,200,11.14,0,https://github.com/agoncal/agoncal-application-petstore-ee6
654,GoogleCloudPlatform/DataflowJavaSDK,856,8.28,30,https://github.com/GoogleCloudPlatform/DataflowJavaSDK
655,k33ptoo/School-Management-System-JavaFX,240,4.72,0,https://github.com/k33ptoo/School-Management-System-JavaFX
656,google/ExoPlayer,20502,8.75,23,https://github.com/google/ExoPlayer
657,yusugomori/DeepLearning,2984,10.2,0,https://github.com/yusugomori/DeepLearning
658,msbbigdata/javase,352,3.6,0,https://github.com/msbbigdata/javase
659,ninia/jep,1065,12.07,10,https://github.com/ninia/jep
660,jpmml/jpmml-evaluator,842,9.05,35,https://github.com/jpmml/jpmml-evaluator
661,shinezejian/javaStructures,155,6.35,0,https://github.com/shinezejian/javaStructures
662,openmessaging/openmessaging-java,716,5.96,3,https://github.com/openmessaging/openmessaging-java
663,lihengming/java-codes,528,5.81,0,https://github.com/lihengming/java-codes
664,liubin915249126/javascript,235,5.56,0,https://github.com/liubin915249126/javascript
665,dustin/java-memcached-client,495,15.04,0,https://github.com/dustin/java-memcached-client
666,spring-guides/gs-gradle,137,9.9,0,https://github.com/spring-guides/gs-gradle
667,saturnism/grpc-by-example-java,844,6.56,0,https://github.com/saturnism/grpc-by-example-java
668,cardillo/joinery,658,8.36,10,https://github.com/cardillo/joinery
669,youlookwhat/DesignPattern,3738,6.4,0,https://github.com/youlookwhat/DesignPattern
670,martinwojtus/tutorials,156,3.83,0,https://github.com/martinwojtus/tutorials
671,mitreid-connect/OpenID-Connect-Java-Spring-Server,1429,11.37,0,https://github.com/mitreid-connect/OpenID-Connect-Java-Spring-Server
672,asterisk-java/asterisk-java,366,12.22,7,https://github.com/asterisk-java/asterisk-java
673,iluwatar/30-seconds-of-java,813,5.24,0,https://github.com/iluwatar/30-seconds-of-java
674,TyCoding/tumo,670,4.37,0,https://github.com/TyCoding/tumo
675,alok722/namaste-javascript-notes,797,1.67,0,https://github.com/alok722/namaste-javascript-notes
676,google/j2objc,5924,9.12,39,https://github.com/google/j2objc
677,libass/JavascriptSubtitlesOctopus,329,6.17,7,https://github.com/libass/JavascriptSubtitlesOctopus
678,Pradeep-Pandey13/CheatSheets-HTML-CSS-JavaScript,932,0.95,0,https://github.com/Pradeep-Pandey13/CheatSheets-HTML-CSS-JavaScript
679,CodeExplainedRepo/Snake-JavaScript,130,4.61,0,https://github.com/CodeExplainedRepo/Snake-JavaScript
680,rsperberg/essential-javascript-links,138,8.1,0,https://github.com/rsperberg/essential-javascript-links
681,sadatrafsanjani/JavaFX-Point-of-Sales,186,5.77,0,https://github.com/sadatrafsanjani/JavaFX-Point-of-Sales
682,Ziphtracks/JavaLearningmanual,215,2.54,0,https://github.com/Ziphtracks/JavaLearningmanual
683,arun-gupta/docker-java,387,7.87,0,https://github.com/arun-gupta/docker-java
684,JamesZBL/java_design_patterns,644,5.34,0,https://github.com/JamesZBL/java_design_patterns
685,PacktWorkshops/The-JavaScript-Workshop,118,3.67,0,https://github.com/PacktWorkshops/The-JavaScript-Workshop
686,nhn/fe.javascript,1119,7.86,0,https://github.com/nhn/fe.javascript
687,dom4j/dom4j,844,7.7,13,https://github.com/dom4j/dom4j
688,fan-wenjie/EasyPR-Java,598,7.99,0,https://github.com/fan-wenjie/EasyPR-Java
689,h2database/h2database,3641,7.93,18,https://github.com/h2database/h2database
690,oldratlee/fucking-java-concurrency,929,8.75,0,https://github.com/oldratlee/fucking-java-concurrency
691,btraceio/btrace,5364,8.54,30,https://github.com/btraceio/btrace
692,Swap76/Learn-JavaScript,105,3.76,0,https://github.com/Swap76/Learn-JavaScript
693,Java-Edge/Java-Concurrency-Progamming-Tutorial,1169,4.95,0,https://github.com/Java-Edge/Java-Concurrency-Progamming-Tutorial
694,uprock/javascript,627,9.31,0,https://github.com/uprock/javascript
695,deathmarine/Luyten,4678,9.68,17,https://github.com/deathmarine/Luyten
696,docker-library/openjdk,1093,8.77,0,https://github.com/docker-library/openjdk
697,GraxCode/JByteMod-Beta,763,5.48,30,https://github.com/GraxCode/JByteMod-Beta
698,forax/java-guide,511,3.21,0,https://github.com/forax/java-guide
699,jMonkeyEngine/jmonkeyengine,3350,8.98,54,https://github.com/jMonkeyEngine/jmonkeyengine
700,erictraub/Learn-Blockchain-By-Building-Your-Own-In-JavaScript,796,4.73,0,https://github.com/erictraub/Learn-Blockchain-By-Building-Your-Own-In-JavaScript
701,erictraub/Learn-Blockchain-By-Building-Your-Own-In-JavaScript,796,4.73,0,https://github.com/erictraub/Learn-Blockchain-By-Building-Your-Own-In-JavaScript
702,Devskiller/jfairy,715,9.43,12,https://github.com/Devskiller/jfairy
703,chucktomasi/sn-learn-javascript,256,4.28,0,https://github.com/chucktomasi/sn-learn-javascript
704,BigPeng/JavaCNN,120,8.65,0,https://github.com/BigPeng/JavaCNN
705,yml2213/javascript,287,1.21,0,https://github.com/yml2213/javascript
706,pippo-java/pippo,771,8.37,0,https://github.com/pippo-java/pippo
707,qos-ch/logback,2651,13.56,0,https://github.com/qos-ch/logback
708,square/moshi,8820,8.6,0,https://github.com/square/moshi
709,ZhuangM/student,165,6.28,0,https://github.com/ZhuangM/student
710,gorhill/Javascript-Voronoi,960,11.83,1,https://github.com/gorhill/Javascript-Voronoi
711,Baidu-AIP/java-sdk,535,5.51,0,https://github.com/Baidu-AIP/java-sdk
712,kennycason/kumo,572,8.7,0,https://github.com/kennycason/kumo
713,niumoo/JavaNotes,280,2.8,0,https://github.com/niumoo/JavaNotes
714,nitishdayal/JavaScript30,362,6.26,0,https://github.com/nitishdayal/JavaScript30
715,asLody/legend,1582,7.1,0,https://github.com/asLody/legend
716,bellshade/Javascript,270,1.58,0,https://github.com/bellshade/Javascript
717,russellrosario/JavaScripter,225,5.07,0,https://github.com/russellrosario/JavaScripter
718,ESAPI/esapi-java-legacy,538,8.51,10,https://github.com/ESAPI/esapi-java-legacy
719,eoinsha/JavaPhoenixChannels,204,7.87,0,https://github.com/eoinsha/JavaPhoenixChannels
720,ArthurClemens/JavaScript-Undo-Manager,395,12.35,2,https://github.com/ArthurClemens/JavaScript-Undo-Manager
721,guoguibing/librec,3158,9.18,3,https://github.com/guoguibing/librec
722,azat-co/fullstack-javascript,502,7.32,0,https://github.com/azat-co/fullstack-javascript
723,atjiu/pybbs,1591,7.92,13,https://github.com/atjiu/pybbs
724,rubenlagus/TelegramBots,3592,7.16,77,https://github.com/rubenlagus/TelegramBots
725,yuxingxin/RxJava-Essentials-CN,1283,7.2,0,https://github.com/yuxingxin/RxJava-Essentials-CN
726,EsotericSoftware/kryo,5752,9.35,30,https://github.com/EsotericSoftware/kryo
727,kishikawakatsumi/JavaScriptBridge,523,9.2,13,https://github.com/kishikawakatsumi/JavaScriptBridge
728,coderwhy/JavaScript-Data-Structure,391,4.95,0,https://github.com/coderwhy/JavaScript-Data-Structure
729,paulorievrs/java4noobs,554,2.94,0,https://github.com/paulorievrs/java4noobs
730,NASAWorldWind/WorldWindJava,665,7.38,9,https://github.com/NASAWorldWind/WorldWindJava
731,hong52ni/JavaAdvance-Interview,360,1.04,0,https://github.com/hong52ni/JavaAdvance-Interview
732,bbottema/simple-java-mail,1068,7.91,92,https://github.com/bbottema/simple-java-mail
733,aimacode/aima-javascript,506,7.03,0,https://github.com/aimacode/aima-javascript
734,semicons/java_oci_manage,950,1.3,55,https://github.com/semicons/java_oci_manage
735,wg/scrypt,423,12.15,0,https://github.com/wg/scrypt
736,jblas-project/jblas,568,13.85,0,https://github.com/jblas-project/jblas
737,waylau/essential-java,599,7.23,0,https://github.com/waylau/essential-java
738,buckyroberts/JavaScript-Lessons,146,6.7,0,https://github.com/buckyroberts/JavaScript-Lessons
739,ollide/intellij-java2smali,464,9.14,7,https://github.com/ollide/intellij-java2smali
740,castello/javajungsuk_basic,436,3.55,0,https://github.com/castello/javajungsuk_basic
741,lvarayut/JavaScript-21-Days-Challenge,165,3.19,0,https://github.com/lvarayut/JavaScript-21-Days-Challenge
742,SignalR/java-client,323,9.16,0,https://github.com/SignalR/java-client
743,xpinjection/java8-misuses,242,6.54,0,https://github.com/xpinjection/java8-misuses
744,castello/javajungsuk_basic,436,3.55,0,https://github.com/castello/javajungsuk_basic
745,fupinglee/JavaTools,259,2.63,0,https://github.com/fupinglee/JavaTools
746,yomorun/hashids-java,956,8.91,1,https://github.com/yomorun/hashids-java
747,mohammedabdulbari/Java-SE,163,2.91,0,https://github.com/mohammedabdulbari/Java-SE
748,anapsix/docker-alpine-java,719,7.69,0,https://github.com/anapsix/docker-alpine-java
749,zhouit/Zblog,251,8.23,0,https://github.com/zhouit/Zblog
750,redisson/redisson-examples,303,6.33,0,https://github.com/redisson/redisson-examples
751,varunu28/LeetCode-Java-Solutions,568,5.64,0,https://github.com/varunu28/LeetCode-Java-Solutions
752,cbeust/jcommander,1822,12.67,0,https://github.com/cbeust/jcommander
753,youxin11544/MVP-RxJava-Hybride,855,6.59,0,https://github.com/youxin11544/MVP-RxJava-Hybride
754,openjdk/jdk,15305,4.49,0,https://github.com/openjdk/jdk
755,sofastack/sofa-jraft,3135,4.03,26,https://github.com/sofastack/sofa-jraft
756,MatrixSeven/JavaAOP,141,7.21,0,https://github.com/MatrixSeven/JavaAOP
757,java-decompiler/jd-eclipse,668,7.89,2,https://github.com/java-decompiler/jd-eclipse
758,hprose/hprose-java,555,9.04,43,https://github.com/hprose/hprose-java
759,google/truth,2574,11.73,26,https://github.com/google/truth
760,Tyson0314/java-books,758,1.64,0,https://github.com/Tyson0314/java-books
761,lemire/javaewah,530,12.44,1,https://github.com/lemire/javaewah
762,java-decompiler/jd-core,406,3.84,10,https://github.com/java-decompiler/jd-core
763,cincheo/jsweet,1353,7.92,19,https://github.com/cincheo/jsweet
764,spring-guides/gs-maven,144,9.9,0,https://github.com/spring-guides/gs-maven
765,scala/scala-java8-compat,437,9.01,28,https://github.com/scala/scala-java8-compat
766,jeffheaton/encog-java-core,740,11.73,3,https://github.com/jeffheaton/encog-java-core
767,Samuel-Oliveira/Java_NFe,472,6.48,19,https://github.com/Samuel-Oliveira/Java_NFe
768,nguyenq/tess4j,1277,8.72,56,https://github.com/nguyenq/tess4j
769,sendbird/sendbird-javascript-samples,326,7.07,0,https://github.com/sendbird/sendbird-javascript-samples
770,alexa/alexa-skills-kit-sdk-for-java,801,7.68,74,https://github.com/alexa/alexa-skills-kit-sdk-for-java
771,OpenHFT/Java-Runtime-Compiler,569,9.47,14,https://github.com/OpenHFT/Java-Runtime-Compiler
772,ZeroOctave/ZeroOctave-Javascript-Projects,323,1.74,0,https://github.com/ZeroOctave/ZeroOctave-Javascript-Projects
773,algolia/algoliasearch-client-javascript,1201,9.82,29,https://github.com/algolia/algoliasearch-client-javascript
774,afsalashyana/JavaFX-Tutorial-Codes,103,4.49,0,https://github.com/afsalashyana/JavaFX-Tutorial-Codes
775,hapifhir/hapi-fhir,1647,8.72,69,https://github.com/hapifhir/hapi-fhir
776,knaxus/problem-solving-javascript,1059,4.21,0,https://github.com/knaxus/problem-solving-javascript
777,spotify-web-api-java/spotify-web-api-java,822,8.9,68,https://github.com/spotify-web-api-java/spotify-web-api-java
778,microsoft/beginners-intro-javascript-node,1701,2.49,0,https://github.com/microsoft/beginners-intro-javascript-node
779,dschadow/JavaSecurity,214,9.22,4,https://github.com/dschadow/JavaSecurity
780,LMAX-Exchange/disruptor,15824,10.48,13,https://github.com/LMAX-Exchange/disruptor
781,apssouza22/java-microservice,309,5.95,0,https://github.com/apssouza22/java-microservice
782,RefactoringGuru/design-patterns-java,664,5.49,0,https://github.com/RefactoringGuru/design-patterns-java
783,braisdom/ObjectiveSql,1208,2.68,0,https://github.com/braisdom/ObjectiveSql
784,googlearchive/tango-examples-java,495,8.64,15,https://github.com/googlearchive/tango-examples-java
785,ErickWendel/semana-javascript-expert06,1280,1.02,0,https://github.com/ErickWendel/semana-javascript-expert06
786,xiaowei1118/java_server,351,7.65,0,https://github.com/xiaowei1118/java_server
787,caison/java-knowledge-mind-map,865,4.22,0,https://github.com/caison/java-knowledge-mind-map
788,dawei101/shadowsocks-android-java,581,6.63,4,https://github.com/dawei101/shadowsocks-android-java
789,uptop/JavaWebSocket,264,5.75,0,https://github.com/uptop/JavaWebSocket
790,protostuff/protostuff,1912,9.15,17,https://github.com/protostuff/protostuff
791,dabbott/javascript-playgrounds,1335,6.86,0,https://github.com/dabbott/javascript-playgrounds
792,aerospike/aerospike-client-java,219,9.11,0,https://github.com/aerospike/aerospike-client-java
793,lkuza2/java-speech-api,512,11.18,7,https://github.com/lkuza2/java-speech-api
794,kwhat/jnativehook,1496,9.45,25,https://github.com/kwhat/jnativehook
795,TakahikoKawasaki/nv-websocket-client,1956,7.97,0,https://github.com/TakahikoKawasaki/nv-websocket-client
796,rampatra/jbot,1190,6.77,9,https://github.com/rampatra/jbot
797,georgewfraser/java-language-server,486,7.0,0,https://github.com/georgewfraser/java-language-server
798,scream3r/java-simple-serial-connector,581,10.01,1,https://github.com/scream3r/java-simple-serial-connector
799,amigoscode/javascript,131,3.06,0,https://github.com/amigoscode/javascript
800,jiang111/RxJavaApp,1050,7.0,5,https://github.com/jiang111/RxJavaApp
801,jiang111/RxJavaApp,1050,7.0,5,https://github.com/jiang111/RxJavaApp
802,raphw/byte-buddy,5467,9.3,265,https://github.com/raphw/byte-buddy
803,JavascriptNet/Javascript.Net,817,9.97,0,https://github.com/JavascriptNet/Javascript.Net
804,thapatechnical/JavaScriptCourseByThapaTechnical,138,2.17,0,https://github.com/thapatechnical/JavaScriptCourseByThapaTechnical
805,francistao/LearningNotes,12857,6.77,0,https://github.com/francistao/LearningNotes
806,lemire/JavaFastPFOR,495,10.69,0,https://github.com/lemire/JavaFastPFOR
807,microsoft/ApplicationInsights-Java,252,8.28,93,https://github.com/microsoft/ApplicationInsights-Java
808,in28minutes/java-cheat-sheet,547,5.39,0,https://github.com/in28minutes/java-cheat-sheet
809,Grasscutters/Grasscutter,12731,0.91,6,https://github.com/Grasscutters/Grasscutter
810,ErickWendel/semana-javascript-expert05,1546,1.53,0,https://github.com/ErickWendel/semana-javascript-expert05
811,googleapis/google-oauth-java-client,579,8.38,30,https://github.com/googleapis/google-oauth-java-client
812,OGRECave/ogre,3196,7.29,62,https://github.com/OGRECave/ogre
813,leetcoders/LeetCode-Java,259,8.25,0,https://github.com/leetcoders/LeetCode-Java
814,code-review-checklists/java-concurrency,1143,4.02,0,https://github.com/code-review-checklists/java-concurrency
815,msgpack/msgpack-javascript,1050,11.34,5,https://github.com/msgpack/msgpack-javascript
816,DataDog/dd-trace-java,415,5.89,174,https://github.com/DataDog/dd-trace-java
817,oblac/jodd,3962,10.51,37,https://github.com/oblac/jodd
818,woorea/openstack-java-sdk,193,11.09,0,https://github.com/woorea/openstack-java-sdk
819,microsoft/vscode-java-debug,459,5.52,42,https://github.com/microsoft/vscode-java-debug
820,bnb-chain/javascript-sdk,339,4.54,21,https://github.com/bnb-chain/javascript-sdk
821,aterai/java-swing-tips,436,8.51,0,https://github.com/aterai/java-swing-tips
822,bnb-chain/javascript-sdk,339,4.54,21,https://github.com/bnb-chain/javascript-sdk
823,aws-samples/kubernetes-for-java-developers,561,4.81,0,https://github.com/aws-samples/kubernetes-for-java-developers
824,JackChan1999/Java_Basic_Introduction,616,6.03,0,https://github.com/JackChan1999/Java_Basic_Introduction
825,Bishop92/JavaScript-Data-Structures,443,8.95,1,https://github.com/Bishop92/JavaScript-Data-Structures
826,cas-projects/cas-sample-java-webapp,142,10.12,0,https://github.com/cas-projects/cas-sample-java-webapp
827,javaxiaokashow/JavaFaceNotes,261,2.87,0,https://github.com/javaxiaokashow/JavaFaceNotes
828,jdereg/json-io,303,9.52,0,https://github.com/jdereg/json-io
829,THEONE10211024/RxJavaSamples,1104,7.23,0,https://github.com/THEONE10211024/RxJavaSamples
830,brianway/webporter,2708,6.3,1,https://github.com/brianway/webporter
831,shack2/javaserializetools,378,4.5,5,https://github.com/shack2/javaserializetools
832,lowbyteproductions/JavaScript-Is-Weird,288,3.56,0,https://github.com/lowbyteproductions/JavaScript-Is-Weird
833,eviltester/javaForTestersCode,111,8.84,0,https://github.com/eviltester/javaForTestersCode
834,signalapp/libsignal-service-java,565,8.04,0,https://github.com/signalapp/libsignal-service-java
835,tcorral/javascript-challenges-book,801,8.93,0,https://github.com/tcorral/javascript-challenges-book
836,timols/java-gitlab-api,378,9.82,0,https://github.com/timols/java-gitlab-api
837,IanDarwin/javasrc,224,9.42,0,https://github.com/IanDarwin/javasrc
838,Esri/geometry-api-java,664,10.16,12,https://github.com/Esri/geometry-api-java
839,lizhangqu/CoreLink,2714,7.87,0,https://github.com/lizhangqu/CoreLink
840,heroku/heroku-buildpack-java,168,11.76,0,https://github.com/heroku/heroku-buildpack-java
841,vorburger/MariaDB4j,734,11.1,11,https://github.com/vorburger/MariaDB4j
842,alibaba/Alibaba-Java-Coding-Guidelines,884,6.08,0,https://github.com/alibaba/Alibaba-Java-Coding-Guidelines
843,com-lihaoyi/mill,1848,5.41,87,https://github.com/com-lihaoyi/mill
844,iliakan/javascript-tutorial-ru,460,5.78,0,https://github.com/iliakan/javascript-tutorial-ru
845,DozerMapper/dozer,2013,11.14,9,https://github.com/DozerMapper/dozer
846,uhub/awesome-javascript,761,7.59,0,https://github.com/uhub/awesome-javascript
847,fantj2016/java-reader,596,3.91,2,https://github.com/fantj2016/java-reader
848,techops-recsys-lateral-hiring/developer-joyofenergy-java,114,2.47,0,https://github.com/techops-recsys-lateral-hiring/developer-joyofenergy-java
849,raganwald/javascript-allonge,750,9.46,0,https://github.com/raganwald/javascript-allonge
850,karussell/snacktory,459,11.68,0,https://github.com/karussell/snacktory
851,lewiscrow/WorkHardAndFindJob,172,3.04,0,https://github.com/lewiscrow/WorkHardAndFindJob
852,oktadev/java-microservices-examples,465,3.83,0,https://github.com/oktadev/java-microservices-examples
853,dingjs/javaagent,358,7.49,2,https://github.com/dingjs/javaagent
854,facebook/facebook-java-business-sdk,342,7.28,7,https://github.com/facebook/facebook-java-business-sdk
855,usnistgov/jsip,250,6.88,0,https://github.com/usnistgov/jsip
856,jhipster/prettier-java,916,5.19,23,https://github.com/jhipster/prettier-java
857,hueitan/javascript-sdk-design,1360,7.89,0,https://github.com/hueitan/javascript-sdk-design
858,jcip/jcip.github.com,371,10.12,0,https://github.com/jcip/jcip.github.com
859,MarkerHub/JavaIndex,245,3.13,0,https://github.com/MarkerHub/JavaIndex
860,nats-io/nats.java,462,7.39,67,https://github.com/nats-io/nats.java
861,atom/language-javascript,199,9.4,0,https://github.com/atom/language-javascript
862,pedrovgs/Algorithms,2762,8.34,0,https://github.com/pedrovgs/Algorithms
863,tozny/java-aes-crypto,729,8.33,2,https://github.com/tozny/java-aes-crypto
864,michaelliao/cryptocurrency,835,6.4,0,https://github.com/michaelliao/cryptocurrency
865,javaee-samples/javaee7-hol,136,9.52,0,https://github.com/javaee-samples/javaee7-hol
866,jnr/jnr-ffi,1088,12.11,0,https://github.com/jnr/jnr-ffi
867,binarywang/java-testdata-generator,526,7.15,0,https://github.com/binarywang/java-testdata-generator
868,webx/citrus,758,11.4,0,https://github.com/webx/citrus
869,googleads/googleads-java-lib,222,9.34,91,https://github.com/googleads/googleads-java-lib
870,greenrobot/essentials,1354,8.36,1,https://github.com/greenrobot/essentials
871,mabe02/lanterna,1986,7.71,0,https://github.com/mabe02/lanterna
872,clojure/java.jdbc,698,11.91,0,https://github.com/clojure/java.jdbc
873,konsoletyper/teavm,2189,9.47,11,https://github.com/konsoletyper/teavm
874,Troland/how-javascript-works,1092,4.9,0,https://github.com/Troland/how-javascript-works
875,Kurento/kurento-tutorial-java,359,8.61,0,https://github.com/Kurento/kurento-tutorial-java
876,longfeizheng/blockchain-java,391,5.01,0,https://github.com/longfeizheng/blockchain-java
877,taskadapter/redmine-java-api,260,10.93,2,https://github.com/taskadapter/redmine-java-api
878,smartdevicelink/sdl_java_suite,186,8.45,60,https://github.com/smartdevicelink/sdl_java_suite
879,NoCortY/WebSSH,799,3.02,0,https://github.com/NoCortY/WebSSH
880,snazy/ohc,925,8.31,0,https://github.com/snazy/ohc
881,snazy/ohc,925,8.31,0,https://github.com/snazy/ohc
882,harrywfl/JavaGuide,188,3.83,0,https://github.com/harrywfl/JavaGuide
883,medcl/elasticsearch-analysis-ik,14868,11.24,184,https://github.com/medcl/elasticsearch-analysis-ik
884,PingPlusPlus/pingpp-java,240,8.45,0,https://github.com/PingPlusPlus/pingpp-java
885,YunaBraska/nats-server-embedded,246,2.14,102,https://github.com/YunaBraska/nats-server-embedded
886,a-schild/jave2,971,10.03,24,https://github.com/a-schild/jave2
887,jbox2d/jbox2d,1014,9.19,0,https://github.com/jbox2d/jbox2d
888,cloudfoundry/cf-java-client,318,11.48,110,https://github.com/cloudfoundry/cf-java-client
889,fossasia/pslab-android,2026,5.96,21,https://github.com/fossasia/pslab-android
890,EightM/JavaBackendStartGuide,401,1.74,1,https://github.com/EightM/JavaBackendStartGuide
891,lindenb/jvarkit,406,9.86,6,https://github.com/lindenb/jvarkit
892,fynnfluegge/oreon-engine,578,7.24,0,https://github.com/fynnfluegge/oreon-engine
893,starcwang/easy_javadoc,1692,3.56,0,https://github.com/starcwang/easy_javadoc
894,helun/Ektorp,300,12.07,0,https://github.com/helun/Ektorp
895,Itiviti/simple-slack-api,471,8.44,12,https://github.com/Itiviti/simple-slack-api
896,Knn120/OnJava8-PDF,537,3.42,0,https://github.com/Knn120/OnJava8-PDF
897,TencentCloud/tencentcloud-sdk-java,453,4.91,0,https://github.com/TencentCloud/tencentcloud-sdk-java
898,vitaly-chibrikov/stepic_java_webserver,176,7.68,0,https://github.com/vitaly-chibrikov/stepic_java_webserver
899,iLoveCodingOrg/javascript-cheatsheet,739,4.39,0,https://github.com/iLoveCodingOrg/javascript-cheatsheet
900,mechaniac/Map-of-Javascript,1729,2.09,0,https://github.com/mechaniac/Map-of-Javascript
901,iLoveCodingOrg/javascript-cheatsheet,739,4.39,0,https://github.com/iLoveCodingOrg/javascript-cheatsheet
902,blowsie/Pure-JavaScript-HTML5-Parser,270,9.76,0,https://github.com/blowsie/Pure-JavaScript-HTML5-Parser
903,ChrisMayfield/ThinkJavaCode2,124,5.61,1,https://github.com/ChrisMayfield/ThinkJavaCode2
904,microsoft/playwright-java,696,2.47,43,https://github.com/microsoft/playwright-java
905,bwaldvogel/liblinear-java,307,14.4,0,https://github.com/bwaldvogel/liblinear-java
906,crmeb/crmeb_java,413,2.59,0,https://github.com/crmeb/crmeb_java
907,zerodha/javakiteconnect,151,6.41,19,https://github.com/zerodha/javakiteconnect
908,Coalfire-Research/java-deserialization-exploits,577,6.79,0,https://github.com/Coalfire-Research/java-deserialization-exploits
909,kstyrc/embedded-redis,797,9.59,0,https://github.com/kstyrc/embedded-redis
910,allure-framework/allure-java,289,6.11,42,https://github.com/allure-framework/allure-java
911,cloudevents/sdk-java,316,4.48,20,https://github.com/cloudevents/sdk-java
912,google/j2cl,1034,5.73,0,https://github.com/google/j2cl
913,tedyoung/awesome-java8,403,7.21,0,https://github.com/tedyoung/awesome-java8
914,opentracing/opentracing-javascript,1088,7.16,3,https://github.com/opentracing/opentracing-javascript
915,apache/camel,4766,13.82,0,https://github.com/apache/camel
916,apache/wicket,669,13.82,0,https://github.com/apache/wicket
917,7hang/--Java,242,2.79,0,https://github.com/7hang/--Java
918,apache/storm,6434,9.36,0,https://github.com/apache/storm
919,rage/java-programming,345,3.68,0,https://github.com/rage/java-programming
920,wwsun/awesome-javascript,780,8.03,0,https://github.com/wwsun/awesome-javascript
921,kostaskougios/cloning,555,8.0,0,https://github.com/kostaskougios/cloning
922,caelum/vraptor,384,13.98,4,https://github.com/caelum/vraptor
923,streaming-with-flink/examples-java,283,6.3,0,https://github.com/streaming-with-flink/examples-java
924,HuobiRDCenter/huobi_Java,263,4.02,17,https://github.com/HuobiRDCenter/huobi_Java
925,LetsUpgrade/Javascript-Essentials,287,2.67,0,https://github.com/LetsUpgrade/Javascript-Essentials
926,udacity/ud867,670,7.99,0,https://github.com/udacity/ud867
927,72wukong/72crm-9.0-JAVA,642,3.84,9,https://github.com/72wukong/72crm-9.0-JAVA
928,VictorAlbertos/RxCache,2385,7.17,44,https://github.com/VictorAlbertos/RxCache
929,guanzhenxing/java_interview_manual,593,4.73,0,https://github.com/guanzhenxing/java_interview_manual
930,naveenanimation20/SeleniumJavaCourse,185,5.47,0,https://github.com/naveenanimation20/SeleniumJavaCourse
931,aws-samples/aws-java-sample,218,9.51,0,https://github.com/aws-samples/aws-java-sample
932,brettwooldridge/HikariCP,17958,9.43,0,https://github.com/brettwooldridge/HikariCP
933,Lemonreds/javaee-blog,411,5.46,0,https://github.com/Lemonreds/javaee-blog
934,adamlu/javascript-style-guide,649,9.62,0,https://github.com/adamlu/javascript-style-guide
935,solygambas/html-css-javascript-projects,453,2.17,0,https://github.com/solygambas/html-css-javascript-projects
936,RuedigerMoeller/fast-serialization,1510,9.27,67,https://github.com/RuedigerMoeller/fast-serialization
937,appsecco/dvja,102,4.38,0,https://github.com/appsecco/dvja
938,dapr/java-sdk,223,3.43,13,https://github.com/dapr/java-sdk
939,cami-la/exceptions-java,582,1.47,0,https://github.com/cami-la/exceptions-java
940,paypal/SeLion,266,8.58,5,https://github.com/paypal/SeLion
941,fommil/netlib-java,655,10.15,0,https://github.com/fommil/netlib-java
942,PanagiotisDrakatos/JavaRansomware,103,6.24,0,https://github.com/PanagiotisDrakatos/JavaRansomware
943,OWASP/java-html-sanitizer,758,7.88,6,https://github.com/OWASP/java-html-sanitizer
944,joestelmach/natty,510,13.14,0,https://github.com/joestelmach/natty
945,tianshb/JavaLearning,160,6.08,0,https://github.com/tianshb/JavaLearning
946,TarsCloud/TarsJava,378,4.51,7,https://github.com/TarsCloud/TarsJava
947,wesbos/javascript-drones,597,4.28,0,https://github.com/wesbos/javascript-drones
948,harsh98trivedi/Simple-JavaScript-Calculator,101,3.21,0,https://github.com/harsh98trivedi/Simple-JavaScript-Calculator
949,square/wire,3977,9.56,0,https://github.com/square/wire
950,jaegertracing/jaeger-client-java,485,6.9,34,https://github.com/jaegertracing/jaeger-client-java
951,palatable/lambda,830,9.13,0,https://github.com/palatable/lambda
952,isee15/captcha-ocr,138,7.66,0,https://github.com/isee15/captcha-ocr
953,leosanqing/Java-Notes,646,3.98,0,https://github.com/leosanqing/Java-Notes
954,pH-7/Simple-Java-Calculator,188,10.86,2,https://github.com/pH-7/Simple-Java-Calculator
955,ff4j/ff4j,1165,9.73,15,https://github.com/ff4j/ff4j
956,JasanHdz/javascript-professional,333,3.5,0,https://github.com/JasanHdz/javascript-professional
957,WebDevSimplified/JavaScript-Tic-Tac-Toe,110,3.18,0,https://github.com/WebDevSimplified/JavaScript-Tic-Tac-Toe
958,LjyYano/LeetCode,322,7.36,0,https://github.com/LjyYano/LeetCode
959,javatuples/javatuples,439,10.84,0,https://github.com/javatuples/javatuples
960,apache/cassandra,7862,13.82,0,https://github.com/apache/cassandra
961,openzipkin/brave,2254,9.94,80,https://github.com/openzipkin/brave
962,jsoverson/JavaScript-Particle-System,240,11.76,0,https://github.com/jsoverson/JavaScript-Particle-System
963,Glank/Java-Games,213,10.65,0,https://github.com/Glank/Java-Games
964,waylau/netty-4-user-guide-demos,1654,8.09,1,https://github.com/waylau/netty-4-user-guide-demos
965,alexlorenlee/JavaTutorialCode,115,3.94,0,https://github.com/alexlorenlee/JavaTutorialCode
966,spotify/apollo,1648,7.35,56,https://github.com/spotify/apollo
967,microsoftgraph/msgraph-sdk-javascript,617,6.47,39,https://github.com/microsoftgraph/msgraph-sdk-javascript
968,sergiodxa/impresionante-javascript,404,7.12,0,https://github.com/sergiodxa/impresionante-javascript
969,helloworldcoin/helloworldcoin-java,623,3.44,0,https://github.com/helloworldcoin/helloworldcoin-java
970,nviennot/jd-core-java,252,10.4,0,https://github.com/nviennot/jd-core-java
971,bobcarroll/jira-client,460,9.8,0,https://github.com/bobcarroll/jira-client
972,optimaize/language-detector,535,9.04,2,https://github.com/optimaize/language-detector
973,matthiaskaiser/jmet,452,6.64,1,https://github.com/matthiaskaiser/jmet
974,tsejx/javascript-guidebook,646,5.6,0,https://github.com/tsejx/javascript-guidebook
975,daimajia/java-multithread-downloader,260,9.77,0,https://github.com/daimajia/java-multithread-downloader
976,vidstige/jadb,555,9.63,6,https://github.com/vidstige/jadb
977,steveonjava/JavaFX-Spring,142,10.54,0,https://github.com/steveonjava/JavaFX-Spring
978,guardianproject/android-ffmpeg-java,552,10.5,0,https://github.com/guardianproject/android-ffmpeg-java
979,SQiShER/java-object-diff,867,10.9,14,https://github.com/SQiShER/java-object-diff
980,HynekPetrak/javascript-malware-collection,533,5.85,0,https://github.com/HynekPetrak/javascript-malware-collection
981,kousen/java_8_recipes,347,7.01,0,https://github.com/kousen/java_8_recipes
982,jsonld-java/jsonld-java,366,11.25,0,https://github.com/jsonld-java/jsonld-java
983,ua-parser/uap-java,333,8.34,1,https://github.com/ua-parser/uap-java
984,maxmind/GeoIP2-java,682,9.95,43,https://github.com/maxmind/GeoIP2-java
985,rongcloud/server-sdk-java,247,8.34,0,https://github.com/rongcloud/server-sdk-java
986,amazon-ion/ion-java,848,7.43,30,https://github.com/amazon-ion/ion-java
987,jython/jython,804,2.64,0,https://github.com/jython/jython
988,alibaba/java-dns-cache-manipulator,757,7.97,22,https://github.com/alibaba/java-dns-cache-manipulator
989,Evernote/evernote-sdk-java,257,10.91,0,https://github.com/Evernote/evernote-sdk-java
990,microsoft/vscode-remote-try-java,204,3.91,0,https://github.com/microsoft/vscode-remote-try-java
991,zxh0/classpy,1041,8.59,7,https://github.com/zxh0/classpy
992,ben-manes/concurrentlinkedhashmap,437,8.01,0,https://github.com/ben-manes/concurrentlinkedhashmap
993,Taritsyn/JavaScriptEngineSwitcher,386,9.52,187,https://github.com/Taritsyn/JavaScriptEngineSwitcher
994,MagnusS/Java-BloomFilter,469,11.47,0,https://github.com/MagnusS/Java-BloomFilter
995,tipjs/javascript-style-guide,683,9.33,0,https://github.com/tipjs/javascript-style-guide
996,dwyl/Javascript-the-Good-Parts-notes,1116,8.94,0,https://github.com/dwyl/Javascript-the-Good-Parts-notes
997,googleapis/google-api-java-client-services,477,4.52,0,https://github.com/googleapis/google-api-java-client-services
998,java-diff-utils/java-diff-utils,981,5.96,11,https://github.com/java-diff-utils/java-diff-utils
999,FolioReader/FolioReader-Android,2143,7.94,21,https://github.com/FolioReader/FolioReader-Android
1000,puppetlabs/puppetlabs-java,103,11.81,11,https://github.com/puppetlabs/puppetlabs-java
